,cust,prod,mean,std,S,cost
0,秋田市,D,1.6153846153846154,1.2548548256607863,5.935406188836025,5.731418399564641
1,秋田市,B,1.2307692307692308,1.198289379030556,4.573980039502981,4.177781649036518
2,秋田市,H,29.346153846153847,11.56716891385916,49.112171442910416,41.07068384283132
3,秋田市,E,1.8846153846153846,1.4369609291541419,5.864956473275278,5.187323329560102
4,秋田市,J,1.4615384615384615,1.3927197043778379,8.718414862650775,8.611536818105446
5,秋田市,I,1.7884615384615385,1.390958739207594,6.4437656803762895,5.8194956713136765
6,秋田市,C,5.230769230769231,2.712464942326152,10.961991941162928,9.197499712247843
7,秋田市,G,18.557692307692307,8.074198707377356,31.941997952642794,26.82837066972861
8,秋田市,A,1.5384615384615385,1.2281268769726867,5.941826441022028,5.367528197761266
9,秋田市,F,1.7307692307692308,1.4701658518602139,4.674098441894145,4.364123894519711
10,新潟市,D,1.1730769230769231,1.1499557339503328,5.652414995206085,5.697030597076452
11,新潟市,B,1.3653846153846154,1.2838185406235836,6.276662985191311,5.875737378906184
12,新潟市,H,3.1346153846153846,1.7825829040902281,8.613566065253126,7.647626316968394
13,新潟市,E,1.2884615384615385,1.242018257286454,4.946858329650854,4.196377016889528
14,新潟市,J,1.0961538461538463,1.1591006551669472,5.632247704957088,5.796013050714174
15,新潟市,I,1.5576923076923077,1.2432320550423264,6.420036309623263,5.7709724072955
16,新潟市,C,1.0576923076923077,0.8947222493428223,5.626672907996849,5.516810317555669
17,新潟市,G,2.3461538461538463,1.5324543352389848,9.24540349929817,8.864180064696379
18,新潟市,A,1.4615384615384615,1.0748741551791523,4.054469706472951,3.376512981701454
19,新潟市,F,1.4038461538461537,1.175895409925116,5.592218024667039,5.3763101399629605
20,札幌市,D,8.153846153846153,4.026308655286126,15.077188768401586,13.529359112144085
21,札幌市,B,2.75,1.9186903212920026,8.94623903013179,7.854008369372721
22,札幌市,H,380.75,142.26058318948284,615.9166289293137,495.58985667027554
23,札幌市,E,21.26923076923077,8.849759905052448,33.673023501456164,29.001193984793037
24,札幌市,J,2.0,1.6919648631219313,8.172086468595626,8.00398995257876
25,札幌市,I,9.096153846153847,4.757902056144838,16.7375811276817,14.507306357495661
26,札幌市,C,77.40384615384616,29.84946520714128,125.85544152340663,104.70471924060284
27,札幌市,G,239.94230769230768,90.12745081632215,385.9403126503522,306.5212934888255
28,札幌市,A,11.75,6.006124325366959,75.15768291463326,90.20289675736332
29,札幌市,F,12.538461538461538,5.486030524893233,20.92896746009093,17.292365849343447
30,大津市,D,1.6346153846153846,1.4822987732208392,6.321963915985329,5.987114529455766
31,大津市,B,1.1538461538461537,1.2268981354174435,5.220761410618273,4.708552782951316
32,大津市,H,42.38461538461539,16.89431258999271,70.26010893588114,59.35739231744297
33,大津市,E,2.3653846153846154,1.3724008754354273,6.709434948741961,6.009442273135686
34,大津市,J,1.6923076923076923,1.3653766490112382,7.957956940954028,7.624426816770561
35,大津市,I,1.7692307692307692,1.6162821610513212,6.7752630016321165,6.3449171340484245
36,大津市,C,7.673076923076923,3.7033167637660087,16.36098291662419,13.744725233016695
37,大津市,G,25.923076923076923,10.060300845004887,42.15572887289058,35.486042910855346
38,大津市,A,1.7307692307692308,1.5354042019443663,5.869786163977438,5.545666866955533
39,大津市,F,1.8269230769230769,1.593136674788153,9.289976368101309,8.887957834719707
40,山形市,D,1.5,1.488518147188607,7.080677165083425,7.047237674523596
41,山形市,B,1.5769230769230769,1.3335218569586422,5.5652452520159486,4.7012739900948635
42,山形市,H,34.73076923076923,13.880604869873089,57.4066228216154,47.08229542983237
43,山形市,E,2.3461538461538463,1.5951472411552816,9.434113460726724,9.090199067595888
44,山形市,J,1.2884615384615385,1.1433788671240261,5.044381113660625,4.846944930953812
45,山形市,I,2.076923076923077,1.6311448384992966,11.208923171558014,10.979883654040403
46,山形市,C,6.038461538461538,3.319352278308422,12.553970575448202,11.224474648943557
47,山形市,G,21.26923076923077,8.729295694284298,35.53129088702199,30.839597620324806
48,山形市,A,1.6346153846153846,1.343522530643572,6.439994226843944,6.081944590616679
49,山形市,F,1.5961538461538463,1.0711843433489388,5.89416356823515,5.257355839856367
50,松山市,D,1.0961538461538463,1.1758954099251155,5.829725716974733,5.507850172525284
51,松山市,B,1.0769230769230769,1.0260557231008431,4.444481686706131,4.323188143813002
52,松山市,H,7.8076923076923075,3.651690242745033,11.735258985999407,10.284930623646739
53,松山市,E,1.1346153846153846,1.2684535304749478,5.173808154343493,4.785354364831768
54,松山市,J,1.4615384615384615,1.1792576339032772,5.434624668589983,5.125371652201524
55,松山市,I,1.4615384615384615,1.1957693144556205,3.874535608168013,3.964725899832173
56,松山市,C,2.2115384615384617,1.684258590149299,7.886765135284814,7.619798825487264
57,松山市,G,4.519230769230769,2.2879941092014575,8.767065493857622,6.782746921182314
58,松山市,A,1.2884615384615385,1.0907191091029318,5.231781401814709,4.654491415472894
59,松山市,F,1.6730769230769231,1.5174947600924338,7.165165499451661,6.65672392365507
60,高松市,D,1.2307692307692308,1.059326175312098,5.596790753367531,5.251344924974479
61,高松市,B,1.6538461538461537,1.3414159242194879,5.457049095474976,4.886934068105351
62,高松市,H,1.6153846153846154,1.1229136847006915,6.483081084029643,5.749162881504158
63,高松市,E,1.3461538461538463,1.2816138016780185,6.954349952255914,6.9851720705204245
64,高松市,J,1.0961538461538463,0.9550611392936259,6.179571392654995,5.894034945923232
65,高松市,I,1.0576923076923077,1.194980704388668,5.584043803266943,5.490163378528282
66,高松市,C,1.3461538461538463,1.326718129624794,6.474327648923643,6.078008641146509
67,高松市,G,1.5576923076923077,1.3047945002117403,5.703125455263905,5.227141279316156
68,高松市,A,1.3076923076923077,1.229354390399518,6.438015940740402,6.212375620041082
69,高松市,F,1.1730769230769231,1.2000188535472174,7.416585809207609,7.419587296386071
70,水戸市,D,5.269230769230769,2.4504132073749982,8.645023672510632,6.272813720116827
71,水戸市,B,2.230769230769231,1.5670051943228172,6.683427801401881,6.262539654168736
72,水戸市,H,262.88461538461536,99.37365687264068,427.06786033558217,353.7062193590174
73,水戸市,E,13.5,6.1277254840473345,22.87891371534472,20.08963956216608
74,水戸市,J,1.9423076923076923,1.2589049324549,6.224756386413831,5.794777870825276
75,水戸市,I,6.038461538461538,2.8281604806612473,11.038292998219262,9.365572166576753
76,水戸市,C,52.94230769230769,20.763291005851293,82.58840451862886,65.23474849487701
77,水戸市,G,164.69230769230768,62.31216117151013,265.07564029196703,212.7065674767866
78,水戸市,A,7.0576923076923075,3.6375679309792535,15.21222383825255,13.647383638613192
79,水戸市,F,7.923076923076923,3.629109726328418,15.282007971518816,13.03931935213902
80,大分市,D,1.8653846153846154,1.455602377211231,6.5215174266720375,5.774473051271727
81,大分市,B,1.3846153846153846,1.3008872711759818,5.929646048722427,5.4708584282746475
82,大分市,H,56.46153846153846,21.783661388046774,90.95366864070446,75.40436753417329
83,大分市,E,2.673076923076923,2.0457622755551204,8.148106899965093,7.931574268546839
84,大分市,J,1.25,1.1525759725714482,6.48019479918735,6.473777262053775
85,大分市,I,1.6923076923076923,1.3653766490112385,6.987245829842906,6.629104487947252
86,大分市,C,10.442307692307692,5.0542680916909,56.490883376931,63.62818915697804
87,大分市,G,34.55769230769231,14.605147442769544,57.95043003270673,51.13650707595069
88,大分市,A,2.019230769230769,1.5015075380689327,7.1800848737111815,6.591712606849044
89,大分市,F,2.1538461538461537,1.5131400332358522,5.578549430907534,5.087611414072478
90,岡山市,D,3.1153846153846154,1.9164289314165655,10.82149235222194,10.48206155740189
91,岡山市,B,1.8269230769230769,1.3094101927166852,5.958894339350052,5.444294885516256
92,岡山市,H,142.28846153846155,53.400204353894644,229.1790653890556,183.6926766314085
93,岡山市,E,7.1923076923076925,3.603040445580467,13.171546649737685,10.919294106661608
94,岡山市,J,1.25,0.9471318934179187,4.786212068584013,4.587126195077225
95,岡山市,I,2.9615384615384617,2.317550587146244,14.472841374774214,14.428322881833127
96,岡山市,C,28.5,10.464693207235873,44.55149934749481,35.854725121034406
97,岡山市,G,89.34615384615384,34.05352454499609,144.4886804565093,117.2210517303035
98,岡山市,A,3.923076923076923,1.978771195703841,11.163382729321578,9.993155837542535
99,岡山市,F,4.1923076923076925,2.2926862533740313,9.370906677041503,8.294620033095804
100,青森市,D,1.6730769230769231,1.0043269885098034,4.518738676340325,3.9450142465417426
101,青森市,B,1.2692307692307692,1.1734879234511413,6.014419176258482,5.832589842715609
102,青森市,H,28.057692307692307,11.202964351296057,44.700016820664125,37.137295742045545
103,青森市,E,1.7692307692307692,1.5290056311901408,5.459390060694504,5.173713129678195
104,青森市,J,1.3076923076923077,1.3066715917043275,6.733967100671119,6.864263474233535
105,青森市,I,1.6153846153846154,1.2391307224056924,5.3266391962428985,5.133082421534611
106,青森市,C,5.0576923076923075,2.452797215013684,11.29917437913154,9.347755982833533
107,青森市,G,17.923076923076923,7.299868797763085,31.726504883830483,26.53505516770251
108,青森市,A,1.4807692307692308,1.4751588098671984,6.481903489272331,6.298826395645578
109,青森市,F,1.6538461538461537,1.1527395397293814,6.236066394399634,5.833998606021495
110,福島市,D,1.5576923076923077,1.551892728484795,7.1465708652477815,7.182604172719901
111,福島市,B,1.3653846153846154,1.237151157468375,5.974072914096328,5.780627939125654
112,福島市,H,41.09615384615385,15.984379158225273,67.77350167944813,56.27656355391214
113,福島市,E,2.3846153846153846,1.443767486492472,7.277431737327965,6.316796036825946
114,福島市,J,1.2307692307692308,1.246412650257115,5.119538992582363,4.834472949826592
115,福島市,I,1.6538461538461537,1.1527395397293814,4.540533061066305,3.560560439150667
116,福島市,C,7.769230769230769,3.5952876817201718,14.083555444069058,11.982657705728048
117,福島市,G,25.096153846153847,10.221583499182954,40.97321106425028,34.66948311186562
118,福島市,A,1.6153846153846154,1.1402415663194332,4.658083199811681,4.006107205350555
119,福島市,F,1.6730769230769231,1.4103421062678076,6.93770806508548,6.816244841163979
120,さいたま市,D,1.3653846153846154,1.1720410578675562,6.819019027532752,6.562893707348745
121,さいたま市,B,1.4615384615384615,1.1792576339032772,4.993324668589981,4.746757395794146
122,さいたま市,H,28.634615384615383,11.555541656989746,48.975103563092944,41.05484999106982
123,さいたま市,E,2.019230769230769,1.4618063579196454,6.582477926464853,5.751471653721802
124,さいたま市,J,1.2692307692307692,1.190079658157462,6.350995538523922,6.218566122514187
125,さいたま市,I,1.5384615384615385,1.3352173717654565,5.8089590907634365,5.655197815175213
126,さいたま市,C,5.173076923076923,2.791592095084697,11.080237213300009,9.621553722762318
127,さいたま市,G,17.26923076923077,7.595445964305306,30.35172772144561,25.503000295411884
128,さいたま市,A,1.3653846153846154,1.1030945092009392,5.279890555566169,5.01031074715513
129,さいたま市,F,1.6346153846153846,1.3435225306435719,7.370827560177281,7.233153091969292
130,岐阜市,D,3.3846153846153846,1.9215378456610457,8.18519727440055,7.045611329289319
131,岐阜市,B,1.5769230769230769,1.3626121662217185,5.719366484522245,4.859459564919769
132,岐阜市,H,189.3846153846154,71.67195252175388,307.2944481566183,259.9111930841823
133,岐阜市,E,9.673076923076923,4.800821636566357,17.43751040118918,15.668974849953246
134,岐阜市,J,1.4615384615384615,1.1282736850142459,9.166778930700854,8.971581349802147
135,岐阜市,I,4.326923076923077,2.533858205529963,8.578311338269739,7.402490838316084
136,岐阜市,C,37.42307692307692,14.69206288836035,61.44626957776033,52.57702753704268
137,岐阜市,G,118.03846153846153,44.83213200743217,191.6120904618365,155.04284117844102
138,岐阜市,A,5.519230769230769,2.859386912316836,9.786208063442444,8.025996517452286
139,岐阜市,F,5.711538461538462,2.9059542556183855,12.691562983308797,10.425177758824175
140,山口市,D,1.4423076923076923,1.0555820165506602,4.936629130727393,4.521944155626795
141,山口市,B,1.3846153846153846,1.1907131847704229,5.677625472819915,5.306522217736574
142,山口市,H,7.961538461538462,3.5088769135679483,13.103429813370026,10.72774398523713
143,山口市,E,1.1923076923076923,1.2991469529771695,4.867677942497802,4.823298719222329
144,山口市,J,1.5192307692307692,1.1797371693892722,5.1936970987230655,4.716262826589871
145,山口市,I,1.2307692307692308,1.0406518435225336,4.917411439248079,4.375948846592644
146,山口市,C,1.9615384615384615,1.4681125465958311,4.808679718977136,4.571626248149335
147,山口市,G,4.826923076923077,3.0339332773186887,29.323790762276698,30.40550801300657
148,山口市,A,1.1346153846153846,0.9294494713316442,4.568807012312598,4.18154111699282
149,山口市,F,1.4038461538461537,1.4315714029518838,6.576194524272319,6.352647530337851
150,大阪市,D,1.4038461538461537,1.4720882244529891,6.765613946415813,6.616720050946092
151,大阪市,B,1.1923076923076923,1.2991469529771698,5.79216683138669,5.397538108913243
152,大阪市,H,17.384615384615383,7.685366400628894,31.412258834541944,27.504730805254848
153,大阪市,E,1.3461538461538463,1.169625637855983,4.232602815282884,3.7252713587395636
154,大阪市,J,1.3076923076923077,1.1805359623370397,5.485376645548424,5.246987856404127
155,大阪市,I,1.1923076923076923,1.1382556578751393,5.25570730557945,4.901986847285203
156,大阪市,C,3.4615384615384617,2.1644320765914506,9.272651387914353,7.844269900680363
157,大阪市,G,9.884615384615385,4.792370759470646,19.910393804408606,17.069858736495103
158,大阪市,A,1.6346153846153846,1.482298773220839,5.8985194715408875,5.826643352910512
159,大阪市,F,1.3653846153846154,1.1380900090846422,4.828755352596498,4.645040254461367
160,盛岡市,D,1.3461538461538463,1.3414159242194872,7.181890121116004,7.203844917936534
161,盛岡市,B,1.1346153846153846,1.1720410578675564,4.911638685652388,4.579060406587704
162,盛岡市,H,21.307692307692307,8.839613294572716,34.15036535484844,29.180942158156157
163,盛岡市,E,1.9807692307692308,1.5528643314777588,8.978028711040855,8.338602966631438
164,盛岡市,J,1.4807692307692308,1.1962422309520435,5.606346689617886,5.130557399224345
165,盛岡市,I,1.3653846153846154,1.4006839527334305,5.797335359616997,5.038264597102744
166,盛岡市,C,3.980769230769231,2.66046129433272,23.121141477529342,23.591752525243745
167,盛岡市,G,12.48076923076923,5.866122026686442,21.18814835257959,20.280360340443174
168,盛岡市,A,1.7307692307692308,1.3592873654160804,6.173726717039095,5.442188465522106
169,盛岡市,F,1.5961538461538463,1.3613663174829453,5.833686047778487,5.170396891345893
170,名古屋市,D,1.5,1.0936537072458306,5.94893972806673,5.648384699664571
171,名古屋市,B,1.25,1.2660731323547578,7.365320668385354,7.435741805085099
172,名古屋市,H,39.59615384615385,15.430120296615451,65.05573011334712,55.8776223874152
173,名古屋市,E,2.1346153846153846,1.6212902892793797,6.544444361926368,5.787731940716269
174,名古屋市,J,1.7307692307692308,1.3301243435223526,7.335529953136669,7.349148490481719
175,名古屋市,I,1.5,1.1963998282428863,4.729893049934097,4.329593437090324
176,名古屋市,C,6.769230769230769,3.134972774784899,11.584446958736983,9.469185147845325
177,名古屋市,G,24.28846153846154,10.73081788535654,40.055233271521956,35.18987283233277
178,名古屋市,A,1.5961538461538463,1.1071889043812335,4.83869331616066,4.355307487308885
179,名古屋市,F,1.7692307692307692,1.2927457420330164,8.079016799140808,7.759328233139932
180,鹿児島市,D,2.6538461538461537,1.6316071156344094,7.455786783531824,6.400509345235713
181,鹿児島市,B,1.5,1.1798969712415988,5.407774446993097,5.035687758564421
182,鹿児島市,H,125.15384615384616,47.16528493038182,200.00167740008666,152.8537932288464
183,鹿児島市,E,6.384615384615385,3.47062658158124,13.193960355335536,11.086067650712161
184,鹿児島市,J,1.4423076923076923,1.1274378647017305,4.665613502398881,3.6490484268031835
185,鹿児島市,I,2.5576923076923075,1.6379501960210971,7.9447767977937875,7.034280543471946
186,鹿児島市,C,24.173076923076923,10.1125454095709,45.39941018220231,39.07535602148567
187,鹿児島市,G,77.76923076923077,29.524742289134707,124.76256665741425,97.8142300146422
188,鹿児島市,A,3.3461538461538463,2.104007524259783,9.490910705626929,8.462650670894194
189,鹿児島市,F,3.9038461538461537,1.942906811411205,6.931009059341308,6.002874749615431
190,横浜市,D,2.423076923076923,1.637144259770699,6.567876062809687,6.530954149843888
191,横浜市,B,1.2692307692307692,1.086736157083734,5.6869676506411615,5.491607948666714
192,横浜市,H,83.21153846153847,31.549112997357952,132.71576379606714,112.3703337351537
193,横浜市,E,4.25,1.9790570145063195,10.081632962824305,8.224799975237469
194,横浜市,J,1.2115384615384615,1.2885093753079218,6.983301153018756,7.136482830241441
195,横浜市,I,2.3076923076923075,1.4757977110231733,7.575214086436103,6.512797562547
196,横浜市,C,15.288461538461538,6.971472791372326,29.371502755336987,25.44886494445858
197,横浜市,G,50.67307692307692,19.813563539929646,81.2636567639608,65.02707728557868
198,横浜市,A,2.3653846153846154,1.4556023772112308,5.729084093338703,4.881410887101759
199,横浜市,F,2.326923076923077,1.8547358973365395,9.534859529750587,9.503056385559484
200,長崎市,D,1.9615384615384615,1.546172230742473,7.765489308930219,7.193081438968208
201,長崎市,B,1.4038461538461537,1.2408032721511482,5.0070048862288825,4.8293736312739926
202,長崎市,H,70.92307692307692,26.035304954472846,111.64935232017933,87.17167177829548
203,長崎市,E,4.038461538461538,2.3427948657117694,11.506661955774847,10.493278003013435
204,長崎市,J,1.3461538461538463,1.2506408613597124,7.189689045175153,6.669248583695544
205,長崎市,I,2.019230769230769,1.4618063579196454,5.3955112597981865,4.922436539990929
206,長崎市,C,12.903846153846153,5.384289475161775,20.072168232307504,17.522028415968887
207,長崎市,G,43.38461538461539,16.88618630965751,70.57361168443886,59.60170659446563
208,長崎市,A,2.519230769230769,1.6626270803900847,9.416087674096618,8.565117737404163
209,長崎市,F,2.826923076923077,1.6296415321715945,7.542487160561763,5.569630758392577
210,佐賀市,D,2.0961538461538463,1.472088224452988,7.781410527612393,7.527819127464896
211,佐賀市,B,1.5192307692307692,1.4883914809630288,5.5211989350419906,5.15133568474371
212,佐賀市,H,78.13461538461539,29.250124079612036,127.57128678264178,105.41881137868296
213,佐賀市,E,3.5,1.9045868266876564,6.963246041812415,6.586325768248742
214,佐賀市,J,1.4807692307692308,1.26010246417153,5.311938296652254,5.185899148886991
215,佐賀市,I,2.3653846153846154,1.4006839527334305,7.307479804061438,6.388486660025642
216,佐賀市,C,14.384615384615385,6.683763898371221,22.345914705816785,19.333737572043212
217,佐賀市,G,47.80769230769231,18.28750614065914,75.956588550891,60.79804949871583
218,佐賀市,A,2.6153846153846154,1.7167439101659883,7.119478733825161,6.548931966867732
219,佐賀市,F,2.4615384615384617,1.8519892692436595,8.3075207557905,7.428155886722742
220,福井市,D,1.1923076923076923,1.188811592098721,5.442246819270584,5.261634078347892
221,福井市,B,1.2884615384615385,1.1604011892704744,4.521801278535599,4.3186401974870545
222,福井市,H,16.557692307692307,7.179528253491643,26.911480592620183,22.992489686284408
223,福井市,E,1.9230769230769231,1.3553981232088932,7.646561604149378,7.238683061865588
224,福井市,J,1.2307692307692308,1.2774881084651961,5.717046831959026,5.661792050411792
225,福井市,I,1.5384615384615385,1.3055167778758088,5.926486444178847,5.032352456250293
226,福井市,C,2.6538461538461537,1.6435806843788798,5.797120949737973,5.296763562950899
227,福井市,G,8.865384615384615,4.139853393983928,14.280120493235891,11.308591828419397
228,福井市,A,1.6538461538461537,1.2188811228145033,7.222844450934538,6.703257319093517
229,福井市,F,1.8846153846153846,1.5549269720427785,6.3716226662637565,5.648868826488654
230,仙台市,D,1.2307692307692308,1.181812908045485,9.466671640155372,9.92431761501023
231,仙台市,B,1.4615384615384615,1.5011307954866464,5.73041538520254,5.5225127566580134
232,仙台市,H,1.7692307692307692,1.3520555826749632,8.131278036200008,7.808598082645561
233,仙台市,E,1.4038461538461537,1.2408032721511486,5.0624826640066605,4.6289700559625295
234,仙台市,J,1.2884615384615385,1.1433788671240264,4.678270002549514,4.155554964675044
235,仙台市,I,1.1346153846153846,1.1380900090846422,5.570075010716157,5.292018931756709
236,仙台市,C,1.0961538461538463,1.0147851194279347,4.365904848765495,3.8931230227434304
237,仙台市,G,1.3076923076923077,1.1638081766754047,4.473442465873394,3.9491876241059605
238,仙台市,A,1.2115384615384615,1.1771773894935469,4.6634589319805935,4.533019695664332
239,仙台市,F,1.0961538461538463,1.159100655166947,5.24283659384598,5.0395699347145735
240,静岡市,D,1.4423076923076923,1.073996778365591,4.596924598833143,4.069890793365224
241,静岡市,B,1.1538461538461537,1.1094003924504585,5.16065680138941,4.978633294983157
242,静岡市,H,21.153846153846153,9.193741723467548,37.57940888645656,32.379823885718025
243,静岡市,E,1.9615384615384615,1.5334382546567196,6.181889359499832,6.065043037997379
244,静岡市,J,1.4807692307692308,1.3502415849981146,5.37313451268279,5.2465106516186
245,静岡市,I,1.4038461538461537,1.2873382690670412,5.56373207558455,5.276404315908875
246,静岡市,C,3.6346153846153846,2.4656769038680793,8.996871164886608,8.334827258754654
247,静岡市,G,12.538461538461538,5.641101055302835,24.840489390822317,22.72112836440363
248,静岡市,A,1.4807692307692308,1.1460141431455342,4.259803678070473,4.021331605657248
249,静岡市,F,1.7692307692307692,1.463482076705626,7.16915397357283,6.899439682845467
250,京都市,D,1.6346153846153846,1.4690112207935972,7.528261676702601,7.0456588810809455
251,京都市,B,1.4038461538461537,1.1924536474670475,4.960283561055672,4.43216400822677
252,京都市,H,74.11538461538461,28.509822075052156,121.12557992810966,101.71600972568508
253,京都市,E,3.6346153846153846,1.9405764875604357,9.663866589090098,7.956865871120259
254,京都市,J,1.2115384615384615,1.0725914826660632,4.472914407937466,4.0953435093319035
255,京都市,I,2.019230769230769,1.5528643314777588,6.302056916169078,5.715109482399346
256,京都市,C,14.25,6.045173086608755,20.804124481793334,17.38067244299373
257,京都市,G,45.90384615384615,18.563362203264603,77.8128493447882,65.30275683473555
258,京都市,A,2.230769230769231,1.6162821610513212,4.529490352059463,4.5598537205176
259,京都市,F,2.7884615384615383,2.013060672955862,14.770322759949824,14.697960627288648
260,神戸市,D,1.6153846153846154,1.1573100344493277,6.742979505559338,6.1186552077411935
261,神戸市,B,1.3846153846153846,1.0319189463884917,4.479881646156396,3.776338771157426
262,神戸市,H,20.807692307692307,8.811842436128519,35.66157677174882,29.61296990603661
263,神戸市,E,1.8461538461538463,1.5260433959935433,6.110147671765418,5.594088711339582
264,神戸市,J,1.1923076923076923,1.2530505762363842,5.122530031986615,4.259007858653619
265,神戸市,I,1.7115384615384615,1.459741294048547,6.265522707829677,5.689552310444479
266,神戸市,C,3.3076923076923075,2.5478823312816696,23.22966482097374,23.63587006719651
267,神戸市,G,12.307692307692308,5.248859676488702,20.0940552183431,16.830809356066514
268,神戸市,A,1.3846153846153846,1.0319189463884917,4.818059423934172,4.436474320547325
269,神戸市,F,1.8076923076923077,1.5344215431544654,7.4353989650082895,6.360256632291892
270,福岡市,D,1.4038461538461537,1.1591006551669472,4.352995568204948,4.115903491874039
271,福岡市,B,1.3653846153846154,0.9503115310429432,4.329120863827692,3.8828915222900977
272,福岡市,H,25.03846153846154,9.83782523883527,38.16131762698418,31.52044311222741
273,福岡市,E,2.1538461538461537,1.730744092326237,9.082196128406675,8.385235745939239
274,福岡市,J,1.2115384615384615,1.0353845257385121,3.416011817895894,3.4015712078639906
275,福岡市,I,1.3653846153846154,1.2990018212163437,5.778004287058256,5.421615042170766
276,福岡市,C,4.615384615384615,2.56028373239118,13.098808329385585,11.851140369087531
277,福岡市,G,15.096153846153847,7.03286295811542,24.548077727044273,22.258501817622555
278,福岡市,A,1.4615384615384615,1.2904101561289432,6.910037441373445,6.327695603759511
279,福岡市,F,1.8269230769230769,1.367997733144462,5.826997114389218,5.082078955899797
280,熊本市,D,6.6923076923076925,3.478440384901288,11.461356549617058,10.304291152462037
281,熊本市,B,2.75,1.6434659692725198,11.558541071521883,10.487897759594306
282,熊本市,H,324.28846153846155,121.49983241148153,521.7894183507423,401.44686069130375
283,熊本市,E,17.26923076923077,7.667387991511062,31.15386539966851,26.335516123373345
284,熊本市,J,1.9615384615384615,1.4411533842457842,6.136674878877338,5.601587375577364
285,熊本市,I,7.711538461538462,3.9224669031535293,14.074131073964026,11.546337712068977
286,熊本市,C,65.34615384615384,25.945557340349374,106.75142345773023,89.16253795206343
287,熊本市,G,204.3846153846154,76.46738478033159,331.12601138327153,269.23802896547693
288,熊本市,A,9.48076923076923,4.408060284877365,17.309690923039145,14.454778732069848
289,熊本市,F,9.51923076923077,5.282194970881635,59.04907469340771,67.27095134434104
290,奈良市,D,1.9423076923076923,1.5769598641921743,6.735447023780335,6.582750853098661
291,奈良市,B,1.4807692307692308,1.1797371693892724,5.742346671372638,5.333409605626512
292,奈良市,H,63.88461538461539,25.027556456875924,102.725905760683,83.57309547188574
293,奈良市,E,3.5384615384615383,1.8730444805029816,6.620518264624789,5.8228280061866755
294,奈良市,J,1.2884615384615385,1.226129546646018,5.376675290427472,5.064988230607707
295,奈良市,I,1.9615384615384615,1.5334382546567191,7.9185782483887115,7.0728941826628295
296,奈良市,C,11.788461538461538,5.595294025677812,21.85748556971886,19.43174968605493
297,奈良市,G,39.15384615384615,15.684867961071888,61.715589400725875,52.1964243685065
298,奈良市,A,2.1923076923076925,1.4421995937369292,5.331892577529187,4.668515499866847
299,奈良市,F,2.1346153846153846,1.4146134531098793,4.5908275822466855,4.012450894627715
300,千葉市,D,1.4807692307692308,1.420996400147013,6.691702179900694,6.867448581824421
301,千葉市,B,1.1153846153846154,1.096408506842372,4.39275865167453,4.455346425881023
302,千葉市,H,8.346153846153847,3.7410526744650596,13.217457425687869,11.446576649656752
303,千葉市,E,1.6153846153846154,1.345345587992625,5.467882613350221,5.066090936685698
304,千葉市,J,1.2692307692307692,1.1566582123562523,5.81576126406303,5.366956943033308
305,千葉市,I,1.3076923076923077,1.0943430572715722,4.470847241079297,4.2379653851522665
306,千葉市,C,1.8653846153846154,1.2211991238740838,6.412696503110194,5.899902031899521
307,千葉市,G,4.4423076923076925,2.562271216288787,10.287632976961971,8.36323897705887
308,千葉市,A,1.6153846153846154,1.31587361801284,6.377020529550249,6.199976980299045
309,千葉市,F,1.3076923076923077,1.2763068894345515,5.660176453037107,5.439957136523065
310,金沢市,D,1.5,1.5904124511289146,12.827436099918275,13.203158745476316
311,金沢市,B,1.1730769230769231,1.0426428306942839,4.095382038166936,3.6420936366698653
312,金沢市,H,29.057692307692307,11.283188016914266,49.305663646712006,41.48433234795663
313,金沢市,E,1.75,1.532331300889685,6.325146646467978,6.277048480888066
314,金沢市,J,1.6346153846153846,1.5845930528965737,8.565971699672488,7.8475711175737874
315,金沢市,I,1.7115384615384615,1.3333804667385598,5.015482898323755,4.3427311801841
316,金沢市,C,5.0576923076923075,2.5392098627325965,12.547144136756636,10.531392096050569
317,金沢市,G,18.23076923076923,7.484927035717522,32.48206550636991,26.387436642821694
318,金沢市,A,1.6730769230769231,1.2480754415067656,4.857568068229752,4.300624933760974
319,金沢市,F,1.5961538461538463,1.2873382690670414,6.119639767892244,5.781520004623597
320,徳島市,D,1.1923076923076923,1.0297241499730438,4.709074761985441,4.292012397425845
321,徳島市,B,1.1730769230769231,1.1153326039779472,5.303653497418315,5.421105565754677
322,徳島市,H,1.9807692307692308,1.5654402953323951,5.984201273623242,5.674432790711036
323,徳島市,E,1.1153846153846154,1.215163123945871,5.151348214339747,5.208577808964972
324,徳島市,J,1.1923076923076923,1.1032654123717225,3.784706733832144,3.571956485959919
325,徳島市,I,1.4230769230769231,1.4051188470584877,6.637556354056761,6.233892032401972
326,徳島市,C,1.3269230769230769,1.1327764579875148,6.529304232602486,6.445659940211371
327,徳島市,G,1.7884615384615385,1.563512115637934,4.512312084819683,4.442235851555237
328,徳島市,A,1.3076923076923077,1.213299852023423,5.354514841308735,4.635911456793579
329,徳島市,F,1.1730769230769231,1.1327764579875141,4.704991412089655,4.568003683246843
330,和歌山市,D,1.75,1.2660731323547578,4.483876223940907,4.326887309419549
331,和歌山市,B,1.3076923076923077,1.2452019528851854,5.860575529952866,5.4702368267789385
332,和歌山市,H,64.6923076923077,24.921475471331448,103.79735333111596,84.48019414666621
333,和歌山市,E,3.230769230769231,2.035136307188934,10.215555248742083,9.895548104532757
334,和歌山市,J,1.2307692307692308,1.0406518435225336,5.121922550359192,4.8044430301160475
335,和歌山市,I,2.076923076923077,1.4395826443956765,5.942345551287052,5.059165496433747
336,和歌山市,C,12.326923076923077,6.2738834764697184,24.532864146431447,22.346962140737503
337,和歌山市,G,39.63461538461539,15.715645814874494,65.11778653471382,55.24282797945265
338,和歌山市,A,1.9807692307692308,1.420996400147013,6.360068846567356,5.8294197112706945
339,和歌山市,F,2.6346153846153846,2.01979271071773,8.871084468410741,8.053975094537995
340,高知市,D,2.826923076923077,1.6770790883189202,6.467525794871519,5.971836033149778
341,高知市,B,1.3653846153846154,1.1886529887237107,6.9802398245565165,6.748519266582929
342,高知市,H,126.6923076923077,48.58892735219416,205.6678711567626,171.7945845679159
343,高知市,E,6.076923076923077,3.3539333294328535,10.54320195937618,9.239786665249264
344,高知市,J,1.25,1.0641207361838554,4.723110325814472,3.890978530573856
345,高知市,I,3.230769230769231,1.7780291426115227,7.046306204967128,5.420184503442781
346,高知市,C,24.557692307692307,9.906253642866329,40.540777485088434,33.406272092357526
347,高知市,G,79.0576923076923,30.060340272778586,128.17594264666667,100.92823153670122
348,高知市,A,3.8846153846153846,2.3402182414890045,10.200775483072238,8.753621872573222
349,高知市,F,3.7884615384615383,2.49969832267297,26.54646377087194,27.650146902223874
350,松江市,D,2.1153846153846154,1.49054334288325,7.353247797808645,6.60807135157759
351,松江市,B,1.5961538461538463,1.3322488047763659,6.368342151812628,6.323565958223222
352,松江市,H,106.98076923076923,40.90279744238,171.72667389958437,139.03376547981244
353,松江市,E,5.076923076923077,2.916122552134059,10.167580843499822,9.463575965016311
354,松江市,J,1.5,1.5529857391110689,7.868326469533278,7.419636302258913
355,松江市,I,2.6153846153846154,1.7394369852458078,10.188277863262398,9.883598693930823
356,松江市,C,20.326923076923077,8.904110427424559,35.40262750439596,30.324475671724223
357,松江市,G,66.59615384615384,26.19179606280324,109.68817290533534,93.0438035991526
358,松江市,A,3.1923076923076925,2.232017126387852,18.375258173069874,18.293800947360022
359,松江市,F,2.6923076923076925,1.8842844539689547,6.614199263578692,5.8558844581264715
360,宇都宮市,D,1.2307692307692308,1.3227331273138634,6.135412224170442,6.032334001399308
361,宇都宮市,B,1.3846153846153846,1.3008872711759816,6.720690493166875,6.6515362672138805
362,宇都宮市,H,14.942307692307692,6.687458151713554,25.33270253152391,22.095669128846247
363,宇都宮市,E,1.2307692307692308,1.3078253858290882,6.663603339609444,6.522889867646254
364,宇都宮市,J,1.3076923076923077,1.229354390399518,5.176093718518194,4.787479932279404
365,宇都宮市,I,1.5769230769230769,1.2101880237344715,4.896388871640511,4.3281373144871855
366,宇都宮市,C,2.423076923076923,1.5126415519068133,5.7042132615009455,5.008099297229219
367,宇都宮市,G,8.634615384615385,4.352276150740862,20.256115477782274,17.643680734317808
368,宇都宮市,A,1.5576923076923077,1.17845797446779,5.42470352111972,4.77015303025912
369,宇都宮市,F,1.5769230769230769,1.3910942772092998,5.950406412096199,5.769099927812897
370,津市,D,4.846153846153846,2.592482460731529,8.074116573027549,6.980035257630847
371,津市,B,2.3461538461538463,1.5196054104004264,6.394424995536775,5.685389236315023
372,津市,H,263.7692307692308,98.95346804742302,424.81608638081156,335.8522619483621
373,津市,E,13.942307692307692,5.8892173371888346,22.553127409780362,18.296723345859125
374,津市,J,1.5576923076923077,1.2589049324549,5.905696557354006,5.1132617100593265
375,津市,I,5.173076923076923,3.0596754527759575,31.72344142015725,32.30614706810372
376,津市,C,53.38461538461539,21.19670141388897,87.82848382864272,73.78222806000603
377,津市,G,166.17307692307693,62.35342692403071,268.9317869032809,223.13950501756293
378,津市,A,7.634615384615385,3.2900852015539304,14.512955967179359,12.340820190662521
379,津市,F,8.038461538461538,4.115782814357712,14.455447626596227,13.324092405695959
380,鳥取市,D,1.8653846153846154,1.299001821216344,5.678915398169362,5.307069651503253
381,鳥取市,B,1.5576923076923077,1.144697263488346,5.34259834800364,4.82748760237
382,鳥取市,H,91.40384615384616,34.76377403155538,147.62513997258037,118.15353358296352
383,鳥取市,E,4.269230769230769,2.82228793722457,24.48686142120688,24.535703133047598
384,鳥取市,J,1.4807692307692308,1.2755680720705076,4.819700994130016,4.241554958006678
385,鳥取市,I,2.326923076923077,1.5931366747881528,8.004643034767973,7.186423166201986
386,鳥取市,C,17.557692307692307,7.384173487909632,29.486956340520948,25.63033414526888
387,鳥取市,G,56.28846153846154,21.43420076169413,91.41822612859052,75.71416461283626
388,鳥取市,A,3.019230769230769,2.0145586254823358,7.278785834609962,6.370096382888715
389,鳥取市,F,3.173076923076923,1.734552593566759,8.615044258017626,7.66301773243728
390,富山市,D,1.1730769230769231,1.061282129630335,4.556336881411424,3.909166000329986
391,富山市,B,1.4230769230769231,1.2886556887558818,4.411047698413017,4.3187526617197
392,富山市,H,15.711538461538462,6.381150361781814,27.531114336256262,22.950149321807334
393,富山市,E,1.25,1.1525759725714482,4.92321702140956,4.731189657250341
394,富山市,J,1.0576923076923077,0.9163752450517145,4.098978128694305,3.7177510097907702
395,富山市,I,1.5,1.0936537072458306,3.9961063947333977,3.74003875921929
396,富山市,C,3.3846153846153846,1.97189911599966,10.290993370459269,9.812841965526886
397,富山市,G,9.038461538461538,4.324855379930666,17.603217359791575,15.640382174919168
398,富山市,A,1.2307692307692308,1.277488108465196,8.042935720847908,8.299357584589728
399,富山市,F,1.3846153846153846,1.416345008288507,8.858562426069174,8.810373513705004
400,宮崎市,D,1.5961538461538463,1.2873382690670412,6.322417545670025,5.890447640018919
401,宮崎市,B,1.4038461538461537,1.25650644505132,5.355381788180832,5.345402553501983
402,宮崎市,H,34.86538461538461,13.870590761912936,55.96877048365202,46.41710777566762
403,宮崎市,E,2.0961538461538463,1.375693983650282,9.93240447473236,9.43711674817733
404,宮崎市,J,1.6730769230769231,1.3390244304490362,7.3639561222067265,6.945484679947316
405,宮崎市,I,1.5384615384615385,1.2120560794237922,4.668887402844134,4.291397810891473
406,宮崎市,C,6.115384615384615,3.335218169974387,15.604439040286803,14.442774283457304
407,宮崎市,G,21.192307692307693,8.753796849140269,35.52281693783358,28.974768470586877
408,宮崎市,A,1.3269230769230769,1.1153326039779476,6.003166317931135,5.6959729020485765
409,宮崎市,F,1.9038461538461537,1.3468862476477228,4.388097351353786,3.8600867136674326
410,那覇市,D,1.2884615384615385,1.2261295466460185,7.245330845983043,7.0539155123487385
411,那覇市,B,1.4230769230769231,1.1773375387888247,6.645517195411815,6.255959388108895
412,那覇市,H,6.038461538461538,3.4125577691672078,11.419304079809663,10.492587006280907
413,那覇市,E,1.2884615384615385,1.054152172322987,6.3449237339055795,6.228354190526599
414,那覇市,J,1.2692307692307692,1.2542536975660947,5.072649370214824,4.71344830374016
415,那覇市,I,1.3269230769230769,1.3243000940364147,6.235373787638718,6.163143741657707
416,那覇市,C,1.5576923076923077,1.334511169054731,6.98813573663262,6.957362283682515
417,那覇市,G,3.7115384615384617,2.5386157912820537,24.694432294931623,25.292146169377606
418,那覇市,A,1.5192307692307692,1.1287748801311461,4.800898210336052,4.205484566191529
419,那覇市,F,1.3653846153846154,1.1886529887237107,5.387762046778741,4.789305970999647
420,前橋市,D,4.788461538461538,2.688658375702797,27.549636747260053,29.028822746627448
421,前橋市,B,1.9615384615384615,1.4411533842457844,7.243741545544007,6.804781425682704
422,前橋市,H,274.8076923076923,102.73476958091962,443.80732878287466,349.24470260382793
423,前橋市,E,14.403846153846153,6.075536336800961,26.35994777623438,22.750694737261217
424,前橋市,J,1.75,1.21872643265298,4.840031947210748,4.470565376086146
425,前橋市,I,5.730769230769231,3.0749805331147533,10.593987110408584,9.729208698569147
426,前橋市,C,55.09615384615385,21.336941743283163,88.01065216701558,71.40658842085074
427,前橋市,G,172.84615384615384,65.4335120157933,278.3460486722126,222.23603700671276
428,前橋市,A,7.826923076923077,4.199538508007913,47.64637272624724,50.149010537015144
429,前橋市,F,8.01923076923077,3.749459488447004,14.495816702946072,12.659461870073216
430,新宿区,D,1.2307692307692308,1.165103456070926,4.146889933286259,3.575332943510119
431,新宿区,B,1.4807692307692308,1.2755680720705072,3.9589565496855688,3.6064589485357765
432,新宿区,H,8.961538461538462,4.575988218402916,47.04434124412549,47.966369712613634
433,新宿区,E,1.4615384615384615,1.2281268769726867,5.304958919654514,4.917190353255519
434,新宿区,J,1.2692307692307692,1.2225878149683977,6.58170066392863,6.366927928473901
435,新宿区,I,1.5769230769230769,1.4327562063756674,7.318093039665156,6.694345375549708
436,新宿区,C,2.3076923076923075,1.6031642918323552,8.90441338921568,8.60635416857406
437,新宿区,G,5.038461538461538,2.9899277875832206,30.12370905464053,30.07922635788888
438,新宿区,A,1.3269230769230769,1.3094101927166852,5.185694339350065,5.261307285858419
439,新宿区,F,1.3846153846153846,1.2232045049521127,4.639758373341928,3.8622467820512383
440,甲府市,D,1.4423076923076923,1.211278073002127,5.540538734983423,5.070422342353065
441,甲府市,B,1.0769230769230769,1.152085131763084,6.9080190998877296,7.215373281289114
442,甲府市,H,21.096153846153847,8.72063052088263,37.49746087227689,31.470854448114373
443,甲府市,E,1.5192307692307692,1.3502415849981146,7.55804049558877,7.122639938716287
444,甲府市,J,1.2307692307692308,1.214542350917392,7.011375220894038,6.56179665716839
445,甲府市,I,1.4423076923076923,1.1784579744677903,4.787730016846216,4.5648507937024005
446,甲府市,C,3.6538461538461537,2.028083374012445,8.554939276522237,7.135869252900896
447,甲府市,G,13.211538461538462,5.546016194165202,20.308920737466618,16.941844994300272
448,甲府市,A,1.3269230769230769,1.1668821175764754,6.731156348702041,6.361042765982449
449,甲府市,F,1.8461538461538463,1.3193078307725832,6.647756211373058,6.446984492208414
450,広島市,D,1.3076923076923077,1.0579013916473838,5.399129603910491,5.125586034669357
451,広島市,B,1.1923076923076923,1.1382556578751395,4.071129527801672,3.752599141412591
452,広島市,H,16.98076923076923,7.002773637093236,30.911212398639734,25.847340379117043
453,広島市,E,1.9038461538461537,1.3756939836502822,8.997774560202451,8.240262522124976
454,広島市,J,1.3269230769230769,1.1327764579875148,5.706448677046924,5.216130563648938
455,広島市,I,1.4615384615384615,1.34982262395426,5.235479124396325,5.005618176227614
456,広島市,C,3.423076923076923,1.840142298910964,7.950467271835566,6.827235322439409
457,広島市,G,9.98076923076923,4.836504914588488,56.116680117617996,60.1908165367999
458,広島市,A,1.4038461538461537,1.2408032721511482,7.048393775117777,6.670387238303426
459,広島市,F,1.5576923076923077,1.274385073372168,6.86909434542305,6.30594154347413
460,長野市,D,1.8461538461538463,1.3340872679897553,4.529897838336943,4.050455837532034
461,長野市,B,1.3076923076923077,1.3509395646699556,8.323198144953283,8.368483468638715
462,長野市,H,36.90384615384615,14.902637765443542,62.504442911272584,52.865991931160096
463,長野市,E,2.4615384615384617,1.7873360444378126,8.380031823749738,7.5070556302150395
464,長野市,J,1.4230769230769231,1.160563653560983,4.4480736181192135,4.028130811242616
465,長野市,I,2.0,1.5592859099663563,7.994021751444496,7.730169205263285
466,長野市,C,6.019230769230769,3.01298096552941,11.485682695687618,10.026524153944544
467,長野市,G,22.653846153846153,9.46797411998214,38.09848122959445,33.53186962192633
468,長野市,A,1.5384615384615385,1.3352173717654565,6.134214646318988,5.90496656779938
469,長野市,F,1.4615384615384615,1.1625114540703008,5.196626805198904,4.595756315910843
