zip,name1,name2,name3,latitude,longitude
8880000,宮崎県,串間市,以下に掲載がない場合,31.4645387,131.22830259
8880006,宮崎県,串間市,秋山,31.50739504,131.27599766
8893533,宮崎県,串間市,一氏,31.53791027,131.21391089
8893311,宮崎県,串間市,市木,31.4652027,131.33864652
8880221,宮崎県,串間市,大納,31.40371755,131.32972756
8893532,宮崎県,串間市,大平,31.56250577,131.24147637
8893534,宮崎県,串間市,大矢取,31.5910413,131.20635799
8880005,宮崎県,串間市,北方,31.47436493,131.2597001
8880004,宮崎県,串間市,串間,31.4914201,131.24647059
8880009,宮崎県,串間市,崎田,31.40227012,131.26065396
8880002,宮崎県,串間市,高松,31.46243653,131.17707324
8880011,宮崎県,串間市,寺里,31.45681029,131.21841786
8880222,宮崎県,串間市,都井,31.40342728,131.2969122
8893531,宮崎県,串間市,奈留,31.52550607,131.26062087
8880001,宮崎県,串間市,西方,31.47996654,131.21336105
8880012,宮崎県,串間市,西浜,31.4542967,131.21525617
8880003,宮崎県,串間市,奴久見,31.4910245,131.18448316
8880013,宮崎県,串間市,東町,31.46168257,131.23177692
8880008,宮崎県,串間市,本城,31.45319922,131.27909319
8880007,宮崎県,串間市,南方,31.44656952,131.22774622
8810000,宮崎県,西都市,以下に掲載がない場合,32.1085535,131.40120249
8810031,宮崎県,西都市,旭,32.10952135,131.41034936
8810111,宮崎県,西都市,荒武,32.04204174,131.37273996
8810011,宮崎県,西都市,有吉町,32.10674238,131.40837349
8810106,宮崎県,西都市,岩爪,32.04206475,131.38445021
8810001,宮崎県,西都市,岡富,32.08115296,131.41547711
8810012,宮崎県,西都市,小野崎,32.10530557,131.40466488
8810013,宮崎県,西都市,小野崎町,32.10749036,131.40517067
8811121,宮崎県,西都市,尾八重,32.24513849,131.32189458
8810103,宮崎県,西都市,加勢,32.0852199,131.34551135
8811122,宮崎県,西都市,片内,32.17973336,131.31694386
8810104,宮崎県,西都市,鹿野田,32.07170331,131.38801757
8811231,宮崎県,西都市,上揚,32.30540559,131.22166884
8810115,宮崎県,西都市,上三財,32.07393401,131.30595985
8810021,宮崎県,西都市,上町,32.11421973,131.40609647
8810004,宮崎県,西都市,清水,32.10095576,131.38389839
8810002,宮崎県,西都市,黒生野,32.06711805,131.41141327
8800341,宮崎県,西都市,現王島,32.05604939,131.42628708
8810022,宮崎県,西都市,桜川町,32.1101001,131.40470471
8810116,宮崎県,西都市,寒川,32.13332117,131.25021867
8810113,宮崎県,西都市,下三財,32.06755961,131.35852433
8810014,宮崎県,西都市,下妻,32.10574167,131.40752058
8810032,宮崎県,西都市,白馬町,32.10860423,131.40946255
8811232,宮崎県,西都市,銀鏡,32.28322392,131.25563488
8810006,宮崎県,西都市,新町,32.11866723,131.40323539
8810015,宮崎県,西都市,聖陵町,32.11016694,131.40116804
8810037,宮崎県,西都市,茶臼原,32.13937658,131.42930647
8810035,宮崎県,西都市,中央町,32.108550300000005,131.40731269
8810023,宮崎県,西都市,調殿,32.115349800000004,131.41668762
8810033,宮崎県,西都市,妻,32.10548349,131.40073903
8810034,宮崎県,西都市,妻町,32.11007014,131.40676658
8810036,宮崎県,西都市,水流崎町,32.11061122,131.40868224
8810025,宮崎県,西都市,童子丸,32.12219566,131.39809968
8810114,宮崎県,西都市,藤田,32.07231426,131.36548875
8810105,宮崎県,西都市,都於郡町,32.05597638,131.3786249
8811123,宮崎県,西都市,中尾,32.23373106,131.28535589
8810024,宮崎県,西都市,中妻,32.1139267,131.40828434
8811233,宮崎県,西都市,八重,32.23402864,131.25596012
8810102,宮崎県,西都市,平郡,32.09322003,131.34839979
8810026,宮崎県,西都市,穂北,32.18855725,131.3905558
8810003,宮崎県,西都市,右松,32.10709671,131.42120566
8810027,宮崎県,西都市,南方,32.15641682,131.36202524
8810101,宮崎県,西都市,三納,32.13776473,131.31831276
8810016,宮崎県,西都市,御舟町,32.11031807,131.40385976
8810005,宮崎県,西都市,三宅,32.1127314,131.38180607
8810112,宮崎県,西都市,山田,32.04292218,131.34776901
8894300,宮崎県,えびの市,以下に掲載がない場合,32.04534412,130.81079629
8894303,宮崎県,えびの市,池島,32.04182515,130.82954273
8894306,宮崎県,えびの市,今西,32.03865071,130.84397816
8894162,宮崎県,えびの市,内竪,32.07574568,130.73442153
8894153,宮崎県,えびの市,浦,32.0184863,130.78324559
8894304,宮崎県,えびの市,上江,32.034776,130.84774689
8894243,宮崎県,えびの市,榎田,32.06991762,130.81690836
8894314,宮崎県,えびの市,大河平,32.08386163,130.92269506
8894161,宮崎県,えびの市,岡松,32.04692312,130.74933182
8894222,宮崎県,えびの市,小田,32.05648432,130.82216831
8894155,宮崎県,えびの市,亀沢,32.03740748,130.75322563
8894221,宮崎県,えびの市,栗下,32.04150574,130.81535269
8894241,宮崎県,えびの市,西郷,32.05039358,130.79045056
8894312,宮崎県,えびの市,坂元,32.07632522,130.85282822
8894152,宮崎県,えびの市,島内,32.04586069,130.78373818
8894164,宮崎県,えびの市,昌明寺,32.08254549,130.75453986
8894302,宮崎県,えびの市,末永,31.98758669,130.8441221
8894313,宮崎県,えびの市,杉水流,32.048956,130.88381372
8894311,宮崎県,えびの市,大明司,32.07392131,130.83629829
8894163,宮崎県,えびの市,水流,32.06016737,130.76873198
8894234,宮崎県,えびの市,永山,32.04466141,130.80094001
8894165,宮崎県,えびの市,西川北,32.08085661,130.77978663
8894232,宮崎県,えびの市,西長江浦,32.00469104,130.8004692
8894233,宮崎県,えびの市,灰塚,32.04068189,130.8050788
8894301,宮崎県,えびの市,原田,32.00604413,130.87709665
8894244,宮崎県,えびの市,東川北,32.07792003,130.80439676
8894231,宮崎県,えびの市,東長江浦,31.98912671,130.81718018
8894305,宮崎県,えびの市,前田,32.04249694,130.85461135
8894151,宮崎県,えびの市,向江,32.04710382,130.76775849
8894154,宮崎県,えびの市,柳水流,32.03601803,130.76406793
8894242,宮崎県,えびの市,湯田,32.05526845,130.79964063
8891900,宮崎県,北諸県郡三股町,以下に掲載がない場合,31.73068516,131.12480873
8891905,宮崎県,北諸県郡三股町,今市,31.73993795,131.10853098
8891901,宮崎県,北諸県郡三股町,樺山,31.70840167,131.1419983
8891902,宮崎県,北諸県郡三股町,五本松,31.73075403,131.12262569
8891904,宮崎県,北諸県郡三股町,新馬場,31.73790711,131.11215285
8891914,宮崎県,北諸県郡三股町,蓼池,31.75799473,131.119579
8891906,宮崎県,北諸県郡三股町,中原,31.73730817,131.10855808
8891911,宮崎県,北諸県郡三股町,長田,31.74774916,131.20135684
8891907,宮崎県,北諸県郡三股町,花見原,31.73711307,131.10440053
8891903,宮崎県,北諸県郡三股町,稗田,31.7308756,131.10701142
8891912,宮崎県,北諸県郡三股町,宮村,31.69833433,131.12759052
8891913,宮崎県,北諸県郡三股町,餅原,31.74897952,131.12868463
8894400,宮崎県,西諸県郡高原町,以下に掲載がない場合,31.928462899999996,131.00775066
8894413,宮崎県,西諸県郡高原町,後川内,31.93277893,131.06850877
8894414,宮崎県,西諸県郡高原町,蒲牟田,31.90174664,130.96950736
8894412,宮崎県,西諸県郡高原町,西麓,31.93919742,131.022915
8894411,宮崎県,西諸県郡高原町,広原,31.94323298,130.97059613
8801100,宮崎県,東諸県郡国富町,以下に掲載がない場合,31.990643100000003,131.32353557
8801103,宮崎県,東諸県郡国富町,嵐田,31.97537135,131.31748978
8801121,宮崎県,東諸県郡国富町,伊左生（吹上）,32.0184409,131.3451374
8801221,宮崎県,東諸県郡国富町,伊左生（その他）,32.01713401,131.33781389
8801111,宮崎県,東諸県郡国富町,岩知野,31.98141118,131.37305214
8801113,宮崎県,東諸県郡国富町,木脇,31.99519358,131.36743296
8801114,宮崎県,東諸県郡国富町,三名,32.01020011,131.3637511
8801108,宮崎県,東諸県郡国富町,須志田,32.01664252,131.28171503
8801107,宮崎県,東諸県郡国富町,竹田,31.99942674,131.29413451
8801104,宮崎県,東諸県郡国富町,田尻,31.98364722,131.30504591
8801112,宮崎県,東諸県郡国富町,塚原,31.97698831,131.363578
8801224,宮崎県,東諸県郡国富町,深年,32.06497426,131.25734304
8801101,宮崎県,東諸県郡国富町,本庄,31.9961808,131.32963622
8801102,宮崎県,東諸県郡国富町,宮王丸,31.98850601,131.34511262
8801105,宮崎県,東諸県郡国富町,向高,31.98927226,131.28377458
8801106,宮崎県,東諸県郡国富町,森永,32.00127747,131.28198891
8801222,宮崎県,東諸県郡国富町,八代北俣,32.04139216,131.32354623
8801223,宮崎県,東諸県郡国富町,八代南俣,32.06531768,131.27039
8801300,宮崎県,東諸県郡綾町,以下に掲載がない場合,31.99913236,131.25318659
8801301,宮崎県,東諸県郡綾町,入野,32.0043832,131.27512112
8801302,宮崎県,東諸県郡綾町,北俣,32.064497100000004,131.21316102
8860203,宮崎県,東諸県郡綾町,南俣（釜牟田）,31.99435232,131.19053324
8801303,宮崎県,東諸県郡綾町,南俣（その他）,32.01381423,131.20960501
8840000,宮崎県,児湯郡高鍋町,以下に掲載がない場合,32.12799821,131.50335377
8840006,宮崎県,児湯郡高鍋町,上江,32.14105752,131.4761469
8840004,宮崎県,児湯郡高鍋町,蚊口浦,32.12197554,131.53221098
8840002,宮崎県,児湯郡高鍋町,北高鍋,32.1267277,131.51653107
8840001,宮崎県,児湯郡高鍋町,高鍋町,32.12550967,131.50861975
8840003,宮崎県,児湯郡高鍋町,南高鍋,32.10666681,131.51565449
8840005,宮崎県,児湯郡高鍋町,持田,32.15005837,131.52281894
8891400,宮崎県,児湯郡新富町,以下に掲載がない場合,32.06886766,131.48801622
8891405,宮崎県,児湯郡新富町,伊倉,32.06350183,131.43455034
8891403,宮崎県,児湯郡新富町,上富田,32.06325542,131.48327999
8891404,宮崎県,児湯郡新富町,下富田,32.05274125,131.49286379
8891411,宮崎県,児湯郡新富町,富田,32.06812736,131.49007224
8891415,宮崎県,児湯郡新富町,富田北,32.07245716,131.49590554
8891412,宮崎県,児湯郡新富町,富田東,32.06712951,131.49250793
8891413,宮崎県,児湯郡新富町,富田西,32.06559332,131.48728259
8891414,宮崎県,児湯郡新富町,富田南,32.06495962,131.48962526
8891406,宮崎県,児湯郡新富町,新田,32.089997499999996,131.44320149
8891401,宮崎県,児湯郡新富町,日置,32.08435366,131.4988708
8891402,宮崎県,児湯郡新富町,三納代,32.08185053,131.48404819
8811400,宮崎県,児湯郡西米良村,以下に掲載がない場合,32.22623188,131.154476
8811412,宮崎県,児湯郡西米良村,板谷,32.25666079,131.08256201
8811302,宮崎県,児湯郡西米良村,小川,32.26213245,131.20679382
8811413,宮崎県,児湯郡西米良村,上米良,32.28082627,131.13494803
8811301,宮崎県,児湯郡西米良村,越野尾,32.19407336,131.24519581
8811414,宮崎県,児湯郡西米良村,竹原,32.26179983,131.15787991
8811411,宮崎県,児湯郡西米良村,村所,32.19228828,131.12512091
8811303,宮崎県,児湯郡西米良村,横野,32.17955944,131.18134457
8840100,宮崎県,児湯郡木城町,以下に掲載がない場合,32.16396887,131.47353578
8840104,宮崎県,児湯郡木城町,石河内,32.25084459,131.39945962
8840103,宮崎県,児湯郡木城町,川原,32.17881471,131.41588184
8840102,宮崎県,児湯郡木城町,椎木,32.15146411,131.45946401
8840101,宮崎県,児湯郡木城町,高城,32.17569542,131.46535913
8840105,宮崎県,児湯郡木城町,中之又,32.3007395,131.32995946
8891300,宮崎県,児湯郡川南町,以下に掲載がない場合,32.19206985,131.52586823
8891301,宮崎県,児湯郡川南町,川南,32.20981948,131.50585925
8891302,宮崎県,児湯郡川南町,平田,32.18268364,131.54175203
8891200,宮崎県,児湯郡都農町,以下に掲載がない場合,32.25629227,131.55956709
8891201,宮崎県,児湯郡都農町,川北,32.27603124,131.50825159
8890600,宮崎県,東臼杵郡門川町,以下に掲載がない場合,32.46979236,131.64858862
8890602,宮崎県,東臼杵郡門川町,庵川,32.4836736,131.69804587
8890605,宮崎県,東臼杵郡門川町,庵川西,32.48394234,131.67079504
8890603,宮崎県,東臼杵郡門川町,加草,32.50038591,131.65139216
8890611,宮崎県,東臼杵郡門川町,門川尾末,32.48945833,131.63563446
8890614,宮崎県,東臼杵郡門川町,上町,32.46765092,131.6470979
8890604,宮崎県,東臼杵郡門川町,川内,32.49249121,131.56438303
8890615,宮崎県,東臼杵郡門川町,栄ケ丘,32.47968731,131.64301103
8890624,宮崎県,東臼杵郡門川町,城ケ丘,32.47681963,131.64652581
8890601,宮崎県,東臼杵郡門川町,須賀崎,32.48940261,131.66804019
8890612,宮崎県,東臼杵郡門川町,中須,32.46834989,131.65045372
8890622,宮崎県,東臼杵郡門川町,西栄町,32.4784457,131.64987351
8890621,宮崎県,東臼杵郡門川町,東栄町,32.47750202,131.65252334
8890626,宮崎県,東臼杵郡門川町,平城西,32.47507583,131.64373298
8890625,宮崎県,東臼杵郡門川町,平城東,32.47376603,131.64558286
8890613,宮崎県,東臼杵郡門川町,本町,32.47060461,131.64936264
8890617,宮崎県,東臼杵郡門川町,南ケ丘,32.45874252,131.64269276
8890616,宮崎県,東臼杵郡門川町,南町,32.46011171,131.64763511
8890623,宮崎県,東臼杵郡門川町,宮ケ原,32.48325024,131.65105034
8831300,宮崎県,東臼杵郡諸塚村,以下に掲載がない場合,32.51238634,131.33040442
8831301,宮崎県,東臼杵郡諸塚村,家代,32.52028612,131.35743878
8831402,宮崎県,東臼杵郡諸塚村,七ツ山（飯干、小原井、川内、立岩、八重の平、本村）,32.58150911,131.285259
8831302,宮崎県,東臼杵郡諸塚村,七ツ山（その他）,32.5206681,131.30072528
8831600,宮崎県,東臼杵郡椎葉村,以下に掲載がない場合,32.46732535,131.1581175
8830402,宮崎県,東臼杵郡椎葉村,大河内（１～１３０２番地）,32.3730939,131.16692393
8831602,宮崎県,東臼杵郡椎葉村,大河内（その他）,32.41470017,131.11729132
8831601,宮崎県,東臼杵郡椎葉村,下福良,32.50666534,131.15774719
8831603,宮崎県,東臼杵郡椎葉村,不土野,32.49748522,131.06295605
8831604,宮崎県,東臼杵郡椎葉村,松尾,32.48133941,131.25295258
8831100,宮崎県,東臼杵郡美郷町,以下に掲載がない場合,32.44026087,131.4228871
8890901,宮崎県,東臼杵郡美郷町,北郷宇納間,32.51452881,131.42768641
8890903,宮崎県,東臼杵郡美郷町,北郷黒木,32.53541635,131.49840898
8890902,宮崎県,東臼杵郡美郷町,北郷入下,32.49154726,131.49927035
8831212,宮崎県,東臼杵郡美郷町,西郷小原,32.4482188,131.38663986
8831101,宮崎県,東臼杵郡美郷町,西郷田代,32.43663289,131.44447985
8831102,宮崎県,東臼杵郡美郷町,西郷立石,32.46696028,131.40794935
8831211,宮崎県,東臼杵郡美郷町,西郷山三ヶ,32.47034544,131.33111486
8830303,宮崎県,東臼杵郡美郷町,南郷上渡川,32.34618647,131.25197042
8830304,宮崎県,東臼杵郡美郷町,南郷鬼神野,32.40688456,131.28043163
8830302,宮崎県,東臼杵郡美郷町,南郷中渡川,32.35095461,131.32436567
8830306,宮崎県,東臼杵郡美郷町,南郷神門,32.39850925,131.33412044
8830301,宮崎県,東臼杵郡美郷町,南郷水清谷,32.39791153,131.3719872
8830305,宮崎県,東臼杵郡美郷町,南郷山三ヶ,32.44307588,131.29583224
8821100,宮崎県,西臼杵郡高千穂町,以下に掲載がない場合,32.71168966,131.30778609
8821621,宮崎県,西臼杵郡高千穂町,岩戸,32.75407623,131.3568302
8821102,宮崎県,西臼杵郡高千穂町,押方,32.7051571,131.26361456
8821622,宮崎県,西臼杵郡高千穂町,上岩戸,32.7711734,131.39129603
8821411,宮崎県,西臼杵郡高千穂町,上野,32.76741469,131.3074033
8821414,宮崎県,西臼杵郡高千穂町,河内,32.76987768,131.2497875
8821415,宮崎県,西臼杵郡高千穂町,五ケ所,32.81201871,131.30284008
8821412,宮崎県,西臼杵郡高千穂町,下野,32.74114654,131.31190295
8821413,宮崎県,西臼杵郡高千穂町,田原,32.76733971,131.2716861
8821101,宮崎県,西臼杵郡高千穂町,三田井,32.71558324,131.32125557
8821103,宮崎県,西臼杵郡高千穂町,向山,32.66708014,131.29757626
8820400,宮崎県,西臼杵郡日之影町,以下に掲載がない場合,32.65381619,131.38814558
8820302,宮崎県,西臼杵郡日之影町,岩井川（境野）,32.62726572,131.40197447
8820402,宮崎県,西臼杵郡日之影町,岩井川（その他）,32.63304252,131.35304786
8820301,宮崎県,西臼杵郡日之影町,七折（阿下、笠戸、椛木、鹿川、新町、滝ノ内、中川、,32.685154700000005,131.44505115
8820301,宮崎県,西臼杵郡日之影町,西ノ内、舟ノ尾、八戸、簗崎）,32.685154700000005,131.44505115
8820401,宮崎県,西臼杵郡日之影町,七折（その他）,32.67471643,131.3817501
8820403,宮崎県,西臼杵郡日之影町,見立,32.77048569,131.44867624
8820304,宮崎県,西臼杵郡日之影町,分城,32.59298502,131.40594961
8821200,宮崎県,西臼杵郡五ヶ瀬町,以下に掲載がない場合,32.68301997,131.19637815
8821201,宮崎県,西臼杵郡五ヶ瀬町,鞍岡,32.61877235,131.15147158
8821202,宮崎県,西臼杵郡五ヶ瀬町,桑野内,32.72193745,131.21873664
8821203,宮崎県,西臼杵郡五ヶ瀬町,三ヶ所,32.64723491,131.22089414
8900000,鹿児島県,鹿児島市,以下に掲載がない場合,30.83549585,129.95602847
8900054,鹿児島県,鹿児島市,荒田,31.57347546,130.55003885
8911545,鹿児島県,鹿児島市,有村町,31.56231117,130.67546628
8911107,鹿児島県,鹿児島市,有屋田町,31.66545041,130.44660289
8920806,鹿児島県,鹿児島市,池之上町,31.60993538,130.56262531
8900008,鹿児島県,鹿児島市,伊敷,31.62530024,130.52662053
8900007,鹿児島県,鹿児島市,伊敷台,31.627724199999996,130.53709061
8911203,鹿児島県,鹿児島市,伊敷町（４７１０～４７４１、４７４７～４７６１－３番地）,31.64195846,130.51518998
8900003,鹿児島県,鹿児島市,伊敷町（その他）,31.63875644,130.54071992
8992701,鹿児島県,鹿児島市,石谷町,31.61098843,130.45737901
8920822,鹿児島県,鹿児島市,泉町,31.59310694,130.56003119
8920801,鹿児島県,鹿児島市,稲荷町,31.61262095,130.56899202
8911205,鹿児島県,鹿児島市,犬迫町,31.62857711,130.49094295
8993206,鹿児島県,鹿児島市,入佐町（１７３８、１７３９番地）,31.58227793,130.38817098
8992706,鹿児島県,鹿児島市,入佐町（その他）,31.58020241,130.4031818
8900055,鹿児島県,鹿児島市,上荒田町,31.57509975,130.54202769
8900052,鹿児島県,鹿児島市,上之園町,31.5809624,130.54664714
8910112,鹿児島県,鹿児島市,魚見町,31.54077439,130.52265234
8900073,鹿児島県,鹿児島市,宇宿,31.5444123,130.53986954
8900074,鹿児島県,鹿児島市,宇宿町,31.55473372,130.517324
8920876,鹿児島県,鹿児島市,岡之原町（８３２の２・４）,31.66919741,130.5580785
8911201,鹿児島県,鹿児島市,岡之原町（その他）,31.6613091,130.54340489
8920817,鹿児島県,鹿児島市,小川町,31.5990472,130.56100887
8900021,鹿児島県,鹿児島市,小野,31.61139208,130.52336625
8911222,鹿児島県,鹿児島市,小野町（４７８４～５１１８番地）,31.61385572,130.48540105
8900022,鹿児島県,鹿児島市,小野町（その他）,31.60776524,130.5042734
8910111,鹿児島県,鹿児島市,小原町,31.54302419,130.52711183
8910123,鹿児島県,鹿児島市,卸本町,31.51551929,130.52171033
8920846,鹿児島県,鹿児島市,加治屋町,31.58606781,130.54974058
8920804,鹿児島県,鹿児島市,春日町,31.60587974,130.56582524
8920851,鹿児島県,鹿児島市,上竜尾町,31.60930724,130.55599188
8992703,鹿児島県,鹿児島市,上谷口町,31.59419845,130.44078259
8910116,鹿児島県,鹿児島市,上福元町,31.52968297,130.4949757
8920818,鹿児島県,鹿児島市,上本町,31.60225799,130.56063375
8900063,鹿児島県,鹿児島市,鴨池,31.56509242,130.55099892
8900064,鹿児島県,鹿児島市,鴨池新町,31.55469601,130.55766168
8911275,鹿児島県,鹿児島市,川上町（３６４９、３６６１、３６６７、３６６９－４、３６７１、３６７２、３,31.66713048,130.55123518
8911275,鹿児島県,鹿児島市,６７４、３７０１、３７０４、３７２３－３、４１２８、４１３２、４１３３、４,31.66713048,130.55123518
8911275,鹿児島県,鹿児島市,１３８、４２０３、４２０９、４２１５、４２３６－１、４２３８、４２４１、４,31.66713048,130.55123518
8911275,鹿児島県,鹿児島市,２４２、４２４４番地）,31.66713048,130.55123518
8920875,鹿児島県,鹿児島市,川上町（その他）,31.65882564,130.55998987
8911103,鹿児島県,鹿児島市,川田町,31.67339498,130.50650551
8910201,鹿児島県,鹿児島市,喜入瀬々串町,31.41811402,130.51173213
8910202,鹿児島県,鹿児島市,喜入中名町,31.39272644,130.53244306
8910206,鹿児島県,鹿児島市,喜入生見町,31.30840848,130.5561455
8910204,鹿児島県,鹿児島市,喜入一倉町,31.34793689,130.5141871
8910205,鹿児島県,鹿児島市,喜入前之浜町,31.33302406,130.54222444
8910203,鹿児島県,鹿児島市,喜入町,31.3693755,130.52975697
8910107,鹿児島県,鹿児島市,希望ケ丘町,31.53816384,130.51616703
8910145,鹿児島県,鹿児島市,錦江台,31.50203531,130.49729811
8920836,鹿児島県,鹿児島市,錦江町,31.57566693,130.56543836
8920828,鹿児島県,鹿児島市,金生町,31.59293182,130.55757555
8920803,鹿児島県,鹿児島市,祇園之洲町,31.60565878,130.57274586
8911501,鹿児島県,鹿児島市,黒神町（枦ノ木ケ谷）,31.57316263,130.70687894
8911401,鹿児島県,鹿児島市,黒神町（その他）,31.5789092,130.68879773
8911204,鹿児島県,鹿児島市,花野光ケ丘,31.65065889,130.52719663
8920837,鹿児島県,鹿児島市,甲突町,31.58001228,130.55965768
8910103,鹿児島県,鹿児島市,皇徳寺台,31.56177858,130.48837731
8911402,鹿児島県,鹿児島市,高免町,31.6131911,130.69181723
8900038,鹿児島県,鹿児島市,向陽,31.55926,130.51698265
8900051,鹿児島県,鹿児島市,高麗町,31.58064053,130.55106554
8900065,鹿児島県,鹿児島市,郡元,31.56597107,130.54474343
8900084,鹿児島県,鹿児島市,郡元町,31.56191453,130.54198287
8911108,鹿児島県,鹿児島市,郡山岳町,31.70341845,130.43438103
8911105,鹿児島県,鹿児島市,郡山町,31.69951159,130.46452337
8910101,鹿児島県,鹿児島市,五ケ別府町,31.57734018,130.47806336
8920826,鹿児島県,鹿児島市,呉服町,31.59040482,130.55677163
8910114,鹿児島県,鹿児島市,小松原,31.53298538,130.52948395
8992531,鹿児島県,鹿児島市,小山田町（５１９９、５２００、５２０５番地）,31.63856971,130.46754259
8911231,鹿児島県,鹿児島市,小山田町（その他）,31.65902688,130.48600952
8910150,鹿児島県,鹿児島市,坂之上,31.49960246,130.50622329
8920862,鹿児島県,鹿児島市,坂元町,31.61897444,130.55545345
8910175,鹿児島県,鹿児島市,桜ケ丘（１～６丁目）,31.55285697,130.51708524
8900075,鹿児島県,鹿児島市,桜ケ丘（７、８丁目）,31.54660597,130.5278727
8911420,鹿児島県,鹿児島市,桜島赤水町,31.57629642,130.61859326
8911417,鹿児島県,鹿児島市,桜島赤生原町,31.59567854,130.63216539
8911418,鹿児島県,鹿児島市,桜島小池町,31.58858114,130.62750008
8911414,鹿児島県,鹿児島市,桜島西道町,31.60679678,130.64653287
8911411,鹿児島県,鹿児島市,桜島白浜町,31.6089847,130.66905473
8911416,鹿児島県,鹿児島市,桜島武町,31.60248114,130.63404513
8911415,鹿児島県,鹿児島市,桜島藤野町,31.60870445,130.6368077
8911412,鹿児島県,鹿児島市,桜島二俣町,31.60953856,130.65845868
8911413,鹿児島県,鹿児島市,桜島松浦町,31.61123149,130.65175618
8911419,鹿児島県,鹿児島市,桜島横山町,31.58613552,130.6217377
8900071,鹿児島県,鹿児島市,三和町,31.55010414,130.55412918
8910146,鹿児島県,鹿児島市,慈眼寺町,31.51422824,130.50582007
8920802,鹿児島県,鹿児島市,清水町,31.60721265,130.56912497
8900056,鹿児島県,鹿児島市,下荒田,31.57267191,130.55632423
8900005,鹿児島県,鹿児島市,下伊敷,31.617845000000003,130.53751901
8900004,鹿児島県,鹿児島市,下伊敷町,31.62675649,130.55477934
8920873,鹿児島県,鹿児島市,下田町,31.64351401,130.55280591
8920852,鹿児島県,鹿児島市,下竜尾町,31.6053196,130.55721498
8910144,鹿児島県,鹿児島市,下福元町,31.49797992,130.47433143
8910106,鹿児島県,鹿児島市,自由ケ丘,31.54127739,130.51183922
8900041,鹿児島県,鹿児島市,城西,31.59533838,130.53874311
8920835,鹿児島県,鹿児島市,城南町,31.58370818,130.56580097
8992707,鹿児島県,鹿児島市,松陽台町,31.5973901,130.45678818
8900013,鹿児島県,鹿児島市,城山（１丁目）,31.60510115,130.5454379
8920813,鹿児島県,鹿児島市,城山（２丁目）,31.60538233,130.54771381
8920853,鹿児島県,鹿児島市,城山町,31.59792691,130.55258079
8900072,鹿児島県,鹿児島市,新栄町,31.54819425,130.55167057
8911403,鹿児島県,鹿児島市,新島町,31.61795458,130.7228497
8900016,鹿児島県,鹿児島市,新照院町,31.59572771,130.54380454
8920832,鹿児島県,鹿児島市,新町,31.58927007,130.55901553
8920838,鹿児島県,鹿児島市,新屋敷町,31.58265472,130.55600694
8920823,鹿児島県,鹿児島市,住吉町,31.58996624,130.56203833
8900032,鹿児島県,鹿児島市,西陵,31.58204571,130.50901701
8910109,鹿児島県,鹿児島市,清和,31.53737894,130.51342235
8920843,鹿児島県,鹿児島市,千日町,31.58911789,130.55586088
8900001,鹿児島県,鹿児島市,千年,31.639489899999997,130.52481522
8900014,鹿児島県,鹿児島市,草牟田,31.6034853,130.54182129
8900015,鹿児島県,鹿児島市,草牟田町,31.60722988,130.53658038
8920825,鹿児島県,鹿児島市,大黒町,31.59084097,130.55826646
8920872,鹿児島県,鹿児島市,大明丘,31.63056826,130.56722349
8920805,鹿児島県,鹿児島市,大竜町,31.60532583,130.56217772
8900043,鹿児島県,鹿児島市,鷹師,31.59079894,130.54349606
8900034,鹿児島県,鹿児島市,田上,31.58565402,130.518401
8900036,鹿児島県,鹿児島市,田上台,31.57133163,130.52191622
8900035,鹿児島県,鹿児島市,田上町,31.56869201,130.51183889
8900045,鹿児島県,鹿児島市,武,31.58064245,130.53536344
8900031,鹿児島県,鹿児島市,武岡,31.59196963,130.51490089
8910131,鹿児島県,鹿児島市,谷山港,31.49429015,130.52558533
8910141,鹿児島県,鹿児島市,谷山中央,31.52095875,130.51663178
8900011,鹿児島県,鹿児島市,玉里団地（１丁目）,31.61953202,130.54291631
8920811,鹿児島県,鹿児島市,玉里団地（２、３丁目）,31.61948435,130.54894584
8900012,鹿児島県,鹿児島市,玉里町,31.61243983,130.54330762
8900076,鹿児島県,鹿児島市,中央港新町,31.53708543,130.55174489
8900053,鹿児島県,鹿児島市,中央町,31.58263279,130.54388135
8910108,鹿児島県,鹿児島市,中山,31.54836962,130.50951016
8910105,鹿児島県,鹿児島市,中山町,31.54305677,130.47848994
8920807,鹿児島県,鹿児島市,皷川町,31.61435994,130.5635323
8920845,鹿児島県,鹿児島市,樋之口町,31.58590016,130.55482311
8920841,鹿児島県,鹿児島市,照国町,31.59380912,130.55043824
8900061,鹿児島県,鹿児島市,天保山町,31.57371432,130.56322545
8910115,鹿児島県,鹿児島市,東開町,31.53045873,130.53548458
8900047,鹿児島県,鹿児島市,常盤,31.58860261,130.53111338
8900044,鹿児島県,鹿児島市,常盤町,31.5898696,130.52661713
8900081,鹿児島県,鹿児島市,唐湊,31.56878109,130.53464434
8992705,鹿児島県,鹿児島市,直木町,31.56882301,130.42832468
8920827,鹿児島県,鹿児島市,中町,31.59267566,130.55611381
8920854,鹿児島県,鹿児島市,長田町,31.60195972,130.55281052
8900023,鹿児島県,鹿児島市,永吉,31.60390575,130.53290003
8910132,鹿児島県,鹿児島市,七ツ島,31.47869227,130.51268146
8910122,鹿児島県,鹿児島市,南栄,31.50976066,130.52533822
8920834,鹿児島県,鹿児島市,南林寺町,31.58471565,130.56014554
8900002,鹿児島県,鹿児島市,西伊敷（１～４丁目）,31.63725319,130.52803309
8911202,鹿児島県,鹿児島市,西伊敷（５～７丁目）,31.64736753,130.53734487
8920863,鹿児島県,鹿児島市,西坂元町,31.61179012,130.5536188
8911301,鹿児島県,鹿児島市,西佐多町,31.73757887,130.53898445
8920847,鹿児島県,鹿児島市,西千石町,31.58871859,130.54866478
8900046,鹿児島県,鹿児島市,西田,31.58671398,130.54044379
8910117,鹿児島県,鹿児島市,西谷山,31.52377647,130.50838862
8900033,鹿児島県,鹿児島市,西別府町,31.59486687,130.48927893
8911106,鹿児島県,鹿児島市,西俣町,31.690288,130.45091457
8900083,鹿児島県,鹿児島市,西紫原町,31.55647164,130.5290541
8911541,鹿児島県,鹿児島市,野尻町,31.56778097,130.62315695
8911101,鹿児島県,鹿児島市,花尾町,31.71278931,130.49328429
8920812,鹿児島県,鹿児島市,浜町,31.60205124,130.56620035
8900026,鹿児島県,鹿児島市,原良,31.59789722,130.53603222
8900025,鹿児島県,鹿児島市,原良町,31.59645528,130.52868754
8992704,鹿児島県,鹿児島市,春山町,31.56136061,130.45421204
8900068,鹿児島県,鹿児島市,東郡元町,31.55479753,130.54854949
8920861,鹿児島県,鹿児島市,東坂元,31.62140813,130.56080913
8911543,鹿児島県,鹿児島市,東桜島町,31.56200441,130.64293731
8911302,鹿児島県,鹿児島市,東佐多町,31.7319136,130.57352424
8920842,鹿児島県,鹿児島市,東千石町,31.59187947,130.55328694
8910113,鹿児島県,鹿児島市,東谷山,31.53526416,130.5236214
8911102,鹿児島県,鹿児島市,東俣町,31.68656444,130.50272502
8910151,鹿児島県,鹿児島市,光山,31.49381493,130.50934498
8900086,鹿児島県,鹿児島市,日之出町,31.55071265,130.53951543
8920855,鹿児島県,鹿児島市,冷水町,31.60774226,130.55069233
8910133,鹿児島県,鹿児島市,平川町,31.45036257,130.4863589
8992709,鹿児島県,鹿児島市,平田町,31.55199083,130.42910727
8920848,鹿児島県,鹿児島市,平之町,31.59129913,130.54670176
8900037,鹿児島県,鹿児島市,広木,31.56417551,130.52090332
8992702,鹿児島県,鹿児島市,福山町,31.61077114,130.43959853
8920831,鹿児島県,鹿児島市,船津町,31.58875805,130.55775069
8911544,鹿児島県,鹿児島市,古里町,31.56205857,130.6518393
8910102,鹿児島県,鹿児島市,星ケ峯,31.57570687,130.49437607
8920824,鹿児島県,鹿児島市,堀江町,31.58980809,130.56023038
8920814,鹿児島県,鹿児島市,本港新町,31.59319984,130.56303313
8911303,鹿児島県,鹿児島市,本城町,31.71083749,130.55578127
8911304,鹿児島県,鹿児島市,本名町,31.69987804,130.53583023
8900066,鹿児島県,鹿児島市,真砂町,31.560218,130.55191899
8900067,鹿児島県,鹿児島市,真砂本町,31.5554096,130.55183917
8920833,鹿児島県,鹿児島市,松原町,31.58719327,130.55879154
8920874,鹿児島県,鹿児島市,緑ヶ丘町（１～３４番）,31.656200800000004,130.54739195
8911274,鹿児島県,鹿児島市,緑ヶ丘町（３５番以降）,31.65640656,130.54480795
8900069,鹿児島県,鹿児島市,南郡元町,31.55581725,130.54466171
8900085,鹿児島県,鹿児島市,南新町,31.55508029,130.54117094
8911206,鹿児島県,鹿児島市,皆与志町,31.66655314,130.52571127
8911305,鹿児島県,鹿児島市,宮之浦町,31.68173587,130.58026867
8900082,鹿児島県,鹿児島市,紫原,31.55888734,130.53373259
8911306,鹿児島県,鹿児島市,牟礼岡,31.67456051,130.58404863
8920821,鹿児島県,鹿児島市,名山町,31.59533557,130.55935838
8900024,鹿児島県,鹿児島市,明和,31.60223376,130.52408844
8911542,鹿児島県,鹿児島市,持木町,31.56287216,130.63130119
8900042,鹿児島県,鹿児島市,薬師,31.59150352,130.5380058
8920815,鹿児島県,鹿児島市,易居町,31.59707845,130.56011602
8920819,鹿児島県,鹿児島市,柳町,31.60345996,130.56430543
8920816,鹿児島県,鹿児島市,山下町,31.59670639,130.55616642
8910104,鹿児島県,鹿児島市,山田町,31.56370812,130.49668918
8920844,鹿児島県,鹿児島市,山之口町,31.58821092,130.55325011
8911104,鹿児島県,鹿児島市,油須木町,31.69345137,130.47886788
8920871,鹿児島県,鹿児島市,吉野町,31.64226687,130.58698292
8900062,鹿児島県,鹿児島市,与次郎,31.56543099,130.56253667
8992708,鹿児島県,鹿児島市,四元町,31.57294816,130.44225404
8900006,鹿児島県,鹿児島市,若葉町,31.62565876,130.54689769
8910143,鹿児島県,鹿児島市,和田,31.5105205,130.50991557
8930000,鹿児島県,鹿屋市,以下に掲載がない場合,31.37829201,130.85207705
8931101,鹿児島県,鹿屋市,吾平町上名,31.30505281,130.89677062
8931102,鹿児島県,鹿屋市,吾平町下名,31.27175432,130.87893678
8931103,鹿児島県,鹿屋市,吾平町麓,31.25694289,130.91553006
8930022,鹿児島県,鹿屋市,旭原町,31.40754675,130.88312486
8930004,鹿児島県,鹿屋市,朝日町,31.38268354,130.85420123
8912301,鹿児島県,鹿屋市,有武町,31.44215163,130.80600071
8930035,鹿児島県,鹿屋市,飯隈町,31.33775753,130.87706196
8930042,鹿児島県,鹿屋市,池園町,31.33462936,130.86244824
8930057,鹿児島県,鹿屋市,今坂町,31.37754296,130.82335921
8930056,鹿児島県,鹿屋市,上野町,31.37891331,130.81091902
8930011,鹿児島県,鹿屋市,打馬,31.39587308,130.85140706
8930012,鹿児島県,鹿屋市,王子町,31.39649247,130.86213025
8930051,鹿児島県,鹿屋市,大姶良町,31.32661679,130.82585335
8930067,鹿児島県,鹿屋市,大浦町,31.40744853,130.8312608
8930009,鹿児島県,鹿屋市,大手町,31.39027357,130.85095197
8912302,鹿児島県,鹿屋市,小薄町,31.41162603,130.79285504
8912312,鹿児島県,鹿屋市,小野原町,31.37932858,130.79432451
8912303,鹿児島県,鹿屋市,海道町,31.40432654,130.78542024
8930023,鹿児島県,鹿屋市,笠之原町,31.38915261,130.88707938
8930131,鹿児島県,鹿屋市,上高隈町,31.50399249,130.83824172
8930061,鹿児島県,鹿屋市,上谷町,31.39153705,130.83958464
8930027,鹿児島県,鹿屋市,上祓川町,31.45318322,130.84293712
8930032,鹿児島県,鹿屋市,川西町,31.36054231,130.87733899
8930031,鹿児島県,鹿屋市,川東町,31.36697693,130.89038063
8930007,鹿児島県,鹿屋市,北田町,31.39027755,130.84761823
8998511,鹿児島県,鹿屋市,輝北町市成,31.57514791,130.87207824
8930201,鹿児島県,鹿屋市,輝北町上百引,31.55060664,130.85036332
8930202,鹿児島県,鹿屋市,輝北町下百引,31.52024274,130.89216676
8998512,鹿児島県,鹿屋市,輝北町諏訪原,31.58527711,130.88973738
8930203,鹿児島県,鹿屋市,輝北町平房,31.54272453,130.90623059
8930005,鹿児島県,鹿屋市,共栄町,31.37844598,130.85418133
8931602,鹿児島県,鹿屋市,串良町有里,31.41436906,130.92748684
8931603,鹿児島県,鹿屋市,串良町岡崎,31.37942502,130.95741841
8931605,鹿児島県,鹿屋市,串良町上小原,31.38050915,130.91937944
8931604,鹿児島県,鹿屋市,串良町下小原,31.38166259,130.94160446
8931601,鹿児島県,鹿屋市,串良町細山田,31.45089693,130.92275266
8930065,鹿児島県,鹿屋市,郷之原町,31.39197003,130.81559699
8930001,鹿児島県,鹿屋市,古前城町,31.38904184,130.85506401
8930014,鹿児島県,鹿屋市,寿,31.38702243,130.86809205
8930044,鹿児島県,鹿屋市,獅子目町,31.31708038,130.84106631
8930132,鹿児島県,鹿屋市,下高隈町,31.4741025,130.87345136
8930024,鹿児島県,鹿屋市,下祓川町,31.40905628,130.86172872
8930047,鹿児島県,鹿屋市,下堀町,31.35236718,130.8463357
8930016,鹿児島県,鹿屋市,白崎町,31.37830723,130.85769504
8912311,鹿児島県,鹿屋市,白水町,31.39667552,130.79363787
8930063,鹿児島県,鹿屋市,新栄町,31.37667104,130.85092456
8930015,鹿児島県,鹿屋市,新川町,31.37632275,130.86908144
8930062,鹿児島県,鹿屋市,新生町,31.382226300000003,130.84470559
8930003,鹿児島県,鹿屋市,曽田町,31.38409735,130.85561193
8930054,鹿児島県,鹿屋市,高須町,31.35348205,130.79419841
8930066,鹿児島県,鹿屋市,高牧町,31.41573641,130.81072575
8930037,鹿児島県,鹿屋市,田崎町,31.36584534,130.85529465
8930045,鹿児島県,鹿屋市,田淵町,31.33654762,130.84237658
8912313,鹿児島県,鹿屋市,天神町,31.3797331,130.78553035
8930052,鹿児島県,鹿屋市,永小原町,31.31103046,130.80265916
8930033,鹿児島県,鹿屋市,永野田町,31.348916600000003,130.88436875
8930034,鹿児島県,鹿屋市,名貫町,31.34696839,130.87055
8930008,鹿児島県,鹿屋市,西大手町,31.39088955,130.84910424
8930064,鹿児島県,鹿屋市,西原,31.37659054,130.83857721
8930025,鹿児島県,鹿屋市,西祓川町,31.40734498,130.84687787
8912305,鹿児島県,鹿屋市,根木原町,31.4230472,130.76761947
8930055,鹿児島県,鹿屋市,野里町,31.36216541,130.81686225
8930036,鹿児島県,鹿屋市,萩塚町,31.33751534,130.86770553
8912304,鹿児島県,鹿屋市,花岡町,31.41232838,130.78132515
8912306,鹿児島県,鹿屋市,花里町,31.42671909,130.78471027
8930053,鹿児島県,鹿屋市,浜田町,31.33685415,130.80740624
8930026,鹿児島県,鹿屋市,祓川町,31.42474957,130.84936039
8930021,鹿児島県,鹿屋市,東原町,31.42840347,130.88072857
8930013,鹿児島県,鹿屋市,札元,31.39720761,130.87171052
8912314,鹿児島県,鹿屋市,船間町,31.39117548,130.77508976
8912321,鹿児島県,鹿屋市,古江町,31.40894961,130.76769441
8912322,鹿児島県,鹿屋市,古里町,31.397478999999997,130.77857917
8930041,鹿児島県,鹿屋市,星塚町,31.3422256,130.85778337
8930002,鹿児島県,鹿屋市,本町,31.38656626,130.85450723
8930043,鹿児島県,鹿屋市,南町,31.31660936,130.86288461
8930006,鹿児島県,鹿屋市,向江町,31.38345531,130.8502483
8930046,鹿児島県,鹿屋市,横山町,31.34534731,130.82962213
8980000,鹿児島県,枕崎市,以下に掲載がない場合,31.2728999,130.29690392
8980080,鹿児島県,枕崎市,あけぼの町,31.26562632,130.35756346
8980008,鹿児島県,枕崎市,旭町,31.26521457,130.30094441
8980006,鹿児島県,枕崎市,泉町,31.26726638,130.30273529
8980084,鹿児島県,枕崎市,板敷西町,31.26583713,130.32351846
8980082,鹿児島県,枕崎市,板敷本町,31.2661044,130.33685915
8980083,鹿児島県,枕崎市,板敷南町,31.25962805,130.32802821
8980052,鹿児島県,枕崎市,岩崎町,31.28024621,130.28740114
8980058,鹿児島県,枕崎市,岩戸町,31.26342328,130.3139533
8980009,鹿児島県,枕崎市,恵比須町,31.26261066,130.29691985
8980026,鹿児島県,枕崎市,大塚北町,31.275327500000003,130.27060091
8980028,鹿児島県,枕崎市,大塚中町,31.26972906,130.26988123
8980027,鹿児島県,枕崎市,大塚西町,31.27726901,130.2606547
8980029,鹿児島県,枕崎市,大塚南町,31.26618954,130.27256609
8980003,鹿児島県,枕崎市,折口町,31.26866293,130.29701265
8980054,鹿児島県,枕崎市,鹿篭麓町,31.28770639,130.28819588
8980044,鹿児島県,枕崎市,春日町,31.27016984,130.25915116
8980098,鹿児島県,枕崎市,茅野町,31.30382601,130.34557156
8980057,鹿児島県,枕崎市,木原町,31.272726,130.31343219
8980066,鹿児島県,枕崎市,清水町,31.30439817,130.31670877
8980076,鹿児島県,枕崎市,金山町,31.31100869,130.2891861
8980074,鹿児島県,枕崎市,金山西町,31.31192037,130.27709539
8980088,鹿児島県,枕崎市,国見町,31.28456336,130.34484212
8980099,鹿児島県,枕崎市,小塚町,31.30997106,130.34175457
8980062,鹿児島県,枕崎市,寿町,31.28635566,130.29576829
8980053,鹿児島県,枕崎市,木場町,31.28249388,130.28194547
8980094,鹿児島県,枕崎市,駒水町,31.3083963,130.36988504
8980038,鹿児島県,枕崎市,栄中町,31.27621839,130.30783457
8980037,鹿児島県,枕崎市,栄本町,31.271637100000003,130.30775773
8980018,鹿児島県,枕崎市,桜木町,31.27511004,130.29043408
8980073,鹿児島県,枕崎市,桜山上町,31.30679952,130.26330885
8980061,鹿児島県,枕崎市,桜山町,31.29381876,130.28954751
8980055,鹿児島県,枕崎市,桜山西町,31.2916696,130.28065258
8980065,鹿児島県,枕崎市,桜山東町,31.29884942,130.30706785
8980064,鹿児島県,枕崎市,桜山本町,31.29699746,130.29669291
8980097,鹿児島県,枕崎市,里町,31.28735171,130.36047849
8980002,鹿児島県,枕崎市,汐見町,31.27000372,130.29201005
8980041,鹿児島県,枕崎市,塩屋北町,31.26570888,130.27908248
8980042,鹿児島県,枕崎市,塩屋南町,31.26138245,130.27756387
8980095,鹿児島県,枕崎市,下松町,31.30389025,130.3552285
8980089,鹿児島県,枕崎市,白沢北町,31.26570401,130.34717436
8980092,鹿児島県,枕崎市,白沢西町,31.25503144,130.35487486
8980091,鹿児島県,枕崎市,白沢東町,31.2559278,130.36458119
8980007,鹿児島県,枕崎市,新町,31.2666626,130.30434127
8980017,鹿児島県,枕崎市,住吉町,31.27192561,130.29654758
8980087,鹿児島県,枕崎市,瀬戸町,31.28222537,130.33717256
8980047,鹿児島県,枕崎市,園見西町,31.28059173,130.26590323
8980046,鹿児島県,枕崎市,園見本町,31.28143383,130.27487916
8980016,鹿児島県,枕崎市,高見町,31.27113559,130.29231998
8980045,鹿児島県,枕崎市,立神北町,31.27636143,130.27709022
8980025,鹿児島県,枕崎市,立神本町,31.26944941,130.28206707
8980075,鹿児島県,枕崎市,田布川町,31.31576907,130.28597552
8980051,鹿児島県,枕崎市,中央町,31.27499285,130.28286255
8980012,鹿児島県,枕崎市,千代田町,31.2742692,130.29616174
8980081,鹿児島県,枕崎市,豊留町,31.27145781,130.33404036
8980005,鹿児島県,枕崎市,中町,31.26787314,130.30053656
8980024,鹿児島県,枕崎市,西鹿篭,31.30180803,130.26299816
8980015,鹿児島県,枕崎市,西本町,31.27035882,130.29706259
8980093,鹿児島県,枕崎市,仁田浦町,31.25904354,130.34093208
8980021,鹿児島県,枕崎市,東鹿篭,31.31771822,130.2986043
8980014,鹿児島県,枕崎市,東本町,31.2718096,130.29914846
8980043,鹿児島県,枕崎市,火之神北町,31.26014319,130.26830367
8980048,鹿児島県,枕崎市,火之神町,31.25539596,130.27797402
8980049,鹿児島県,枕崎市,火之神岬町,31.25316712,130.27111254
8980034,鹿児島県,枕崎市,日之出町,31.2721327,130.30346008
8980035,鹿児島県,枕崎市,平田町,31.28017137,130.29275182
8980032,鹿児島県,枕崎市,別府,31.28922684,130.34949738
8980086,鹿児島県,枕崎市,別府西町,31.27330072,130.34400832
8980085,鹿児島県,枕崎市,別府東町,31.27454193,130.35134375
8980096,鹿児島県,枕崎市,まかや町,31.29721313,130.35722849
8980031,鹿児島県,枕崎市,枕崎,31.27896045,130.32376994
8980001,鹿児島県,枕崎市,松之尾町,31.26654998,130.29002334
8980072,鹿児島県,枕崎市,道野町,31.30138445,130.27525684
8980011,鹿児島県,枕崎市,緑町,31.27615693,130.29479869
8980004,鹿児島県,枕崎市,港町,31.26765118,130.29809148
8980056,鹿児島県,枕崎市,美原町,31.28080791,130.31197406
8980022,鹿児島県,枕崎市,宮田町,31.278068800000003,130.29899828
8980033,鹿児島県,枕崎市,宮前町,31.26964004,130.304189
8980071,鹿児島県,枕崎市,美山町,31.31407186,130.30720751
8980063,鹿児島県,枕崎市,妙見町,31.28790878,130.30375565
8980036,鹿児島県,枕崎市,明和町,31.27912861,130.29694151
8980013,鹿児島県,枕崎市,山手町,31.27210071,130.30037145
8980023,鹿児島県,枕崎市,若葉町,31.27758504,130.30154507
8991600,鹿児島県,阿久根市,以下に掲載がない場合,32.0144696,130.19277306
8991611,鹿児島県,阿久根市,赤瀬川,32.03576325,130.21157714
8991741,鹿児島県,阿久根市,大川,31.95387891,130.23457687
8991624,鹿児島県,阿久根市,大丸町,32.01572287,130.19645705
8991601,鹿児島県,阿久根市,折口,32.0591497,130.21430274
8991615,鹿児島県,阿久根市,琴平町,32.021113199999995,130.19493629
8991616,鹿児島県,阿久根市,栄町,32.02126431,130.19696697
8991628,鹿児島県,阿久根市,塩鶴町,32.00957833,130.19488031
8991629,鹿児島県,阿久根市,塩浜町,32.00392177,130.19422654
8991613,鹿児島県,阿久根市,新町,32.02422902,130.19539016
8991622,鹿児島県,阿久根市,高松町,32.01822068,130.19776115
8991602,鹿児島県,阿久根市,多田,32.05587246,130.23528703
8991603,鹿児島県,阿久根市,鶴川内,32.00008568,130.26621446
8991626,鹿児島県,阿久根市,鶴見町,32.013748,130.19507324
8991627,鹿児島県,阿久根市,西目,31.9842833,130.21740906
8991617,鹿児島県,阿久根市,浜町,32.01906365,130.19360918
8991625,鹿児島県,阿久根市,波留,32.01185941,130.20398169
8991614,鹿児島県,阿久根市,晴海町,32.02226528,130.19391715
8991621,鹿児島県,阿久根市,本町,32.01841764,130.19573706
8991612,鹿児島県,阿久根市,丸尾町,32.0245471,130.196434
8991623,鹿児島県,阿久根市,港町,32.017256599999996,130.1935003
8991604,鹿児島県,阿久根市,山下,31.99600649,130.24032077
8991131,鹿児島県,阿久根市,脇本,32.09606336,130.20372239
8990200,鹿児島県,出水市,以下に掲載がない場合,32.09057184,130.35275265
8990137,鹿児島県,出水市,今釜町,32.11387265,130.32334511
8990134,鹿児島県,出水市,浦田町,32.09289184,130.30957614
8990216,鹿児島県,出水市,大野原町,32.07197021,130.32501719
8990341,鹿児島県,出水市,上大川内,32.07585328,130.46633462
8990203,鹿児島県,出水市,上鯖渕,32.09855341,130.39255386
8990212,鹿児島県,出水市,上知識町,32.08273928,130.33724338
8990125,鹿児島県,出水市,黄金町,32.09879787,130.34992527
8990214,鹿児島県,出水市,五万石町,32.07066949,130.34370801
8990121,鹿児島県,出水市,米ノ津町,32.12299328,130.34123484
8990122,鹿児島県,出水市,境町,32.14546985,130.37453847
8990136,鹿児島県,出水市,汐見町,32.10757805,130.31235478
8990342,鹿児島県,出水市,下大川内,32.04785711,130.42215785
8990123,鹿児島県,出水市,下鯖町,32.12093556,130.35155675
8990132,鹿児島県,出水市,下知識町,32.10231697,130.32829377
8990435,鹿児島県,出水市,荘,32.1035878,130.27739618
8990202,鹿児島県,出水市,昭和町,32.08856595,130.35384208
8990138,鹿児島県,出水市,住吉町,32.12116706,130.32910765
8990407,鹿児島県,出水市,高尾野町江内,32.10148049,130.24931157
8990401,鹿児島県,出水市,高尾野町大久保,32.05057337,130.32111174
8990406,鹿児島県,出水市,高尾野町上水流,32.08211376,130.30271744
8990403,鹿児島県,出水市,高尾野町唐笠木,32.07507553,130.29136851
8990402,鹿児島県,出水市,高尾野町柴引,32.02456223,130.32250307
8990405,鹿児島県,出水市,高尾野町下水流,32.09481414,130.29280719
8990404,鹿児島県,出水市,高尾野町下高尾野,32.04784637,130.29103377
8990215,鹿児島県,出水市,武本,32.02849133,130.3786505
8990211,鹿児島県,出水市,知識町,32.09153752,130.33585949
8990207,鹿児島県,出水市,中央町,32.08294553,130.34967857
8990213,鹿児島県,出水市,西出水町,32.07327446,130.33707455
8990501,鹿児島県,出水市,野田町上名,32.02039537,130.28145654
8990502,鹿児島県,出水市,野田町下名,32.07696093,130.25591793
8990133,鹿児島県,出水市,福ノ江町,32.10117501,130.32097616
8990204,鹿児島県,出水市,麓町,32.07486447,130.36012973
8990208,鹿児島県,出水市,文化町,32.09531912,130.34039413
8990217,鹿児島県,出水市,平和町,32.08881144,130.32302613
8990205,鹿児島県,出水市,本町,32.07718314,130.35633809
8990201,鹿児島県,出水市,緑町,32.09324456,130.35145224
8990124,鹿児島県,出水市,美原町,32.11490637,130.37342243
8990131,鹿児島県,出水市,明神町,32.11285711,130.33279838
8990206,鹿児島県,出水市,向江町,32.07649927,130.3513615
8990126,鹿児島県,出水市,六月田町,32.10931665,130.34386169
8910400,鹿児島県,指宿市,以下に掲載がない場合,31.25276977,130.63303112
8910312,鹿児島県,指宿市,池田,31.25178418,130.56300855
8910315,鹿児島県,指宿市,岩本,31.28882488,130.59444415
8910401,鹿児島県,指宿市,大牟礼,31.24351432,130.64507446
8910601,鹿児島県,指宿市,開聞上野,31.21437554,130.56144346
8910602,鹿児島県,指宿市,開聞川尻,31.18182055,130.54270081
8910603,鹿児島県,指宿市,開聞十町,31.19712414,130.5302823
8910604,鹿児島県,指宿市,開聞仙田,31.21722517,130.54677829
8910314,鹿児島県,指宿市,小牧,31.29032851,130.56448286
8910403,鹿児島県,指宿市,十二町,31.23076459,130.63626653
8910402,鹿児島県,指宿市,十町,31.24732784,130.63244936
8910313,鹿児島県,指宿市,新西方,31.27689675,130.58626342
8910311,鹿児島県,指宿市,西方,31.26690645,130.61843906
8910304,鹿児島県,指宿市,東方（６００～５９７４、５９７６～７８１６、７８３３、７８３４、,31.24893621,130.60926849
8910304,鹿児島県,指宿市,１０６０３～１１０１５）,31.24893621,130.60926849
8910404,鹿児島県,指宿市,東方（その他）,31.25785691,130.65239044
8910405,鹿児島県,指宿市,湊,31.24068766,130.64725745
8910502,鹿児島県,指宿市,山川朝日町,31.20182038,130.64119213
8910507,鹿児島県,指宿市,山川入船町,31.20515891,130.63770228
8910614,鹿児島県,指宿市,山川大山（１４００～１７１７番）,31.1988792,130.57435926
8910514,鹿児島県,指宿市,山川大山（その他）,31.20452079,130.58689122
8910513,鹿児島県,指宿市,山川岡児ケ水,31.17283141,130.58029841
8910515,鹿児島県,指宿市,山川小川,31.21070375,130.60141008
8910506,鹿児島県,指宿市,山川金生町,31.20268596,130.63580551
8910503,鹿児島県,指宿市,山川潮見町,31.20417407,130.64067618
8910501,鹿児島県,指宿市,山川新栄町,31.20459299,130.64294298
8910504,鹿児島県,指宿市,山川新生町,31.20360517,130.63914522
8910621,鹿児島県,指宿市,山川利永,31.21947537,130.58178832
8910516,鹿児島県,指宿市,山川成川,31.21470961,130.61988758
8910512,鹿児島県,指宿市,山川浜児ケ水,31.18697841,130.60075178
8910511,鹿児島県,指宿市,山川福元,31.19558332,130.62594075
8910505,鹿児島県,指宿市,山川山下町,31.20190919,130.63819536
8910406,鹿児島県,指宿市,湯の浜,31.23167176,130.64805762
8913100,鹿児島県,西之表市,以下に掲載がない場合,30.73241126,130.99683455
8912100,鹿児島県,垂水市,以下に掲載がない場合,31.49273399,130.70091439
8912125,鹿児島県,垂水市,旭町,31.48962193,130.69831549
8912103,鹿児島県,垂水市,市木,31.50324703,130.72494254
8994631,鹿児島県,垂水市,牛根境,31.61734439,130.80406009
8994632,鹿児島県,垂水市,牛根麓,31.55199674,130.75293225
8912101,鹿児島県,垂水市,海潟,31.54000064,130.71625732
8912122,鹿児島県,垂水市,上町,31.49368242,130.70030414
8912124,鹿児島県,垂水市,錦江町,31.49104661,130.69515887
8912116,鹿児島県,垂水市,柊原,31.46221926,130.71885601
8912121,鹿児島県,垂水市,栄町,31.4918658,130.69941145
8912117,鹿児島県,垂水市,潮彩町,31.48199103,130.69319809
8912127,鹿児島県,垂水市,下宮町,31.4876472,130.69675486
8912114,鹿児島県,垂水市,新城,31.44018299,130.7673536
8912111,鹿児島県,垂水市,新御堂,31.48776473,130.76782784
8912113,鹿児島県,垂水市,高城,31.46914131,130.74560676
8912104,鹿児島県,垂水市,田神,31.5070032,130.77911967
8912106,鹿児島県,垂水市,中央町,31.49145786,130.70346605
8912102,鹿児島県,垂水市,中俣,31.51952685,130.73977017
8912115,鹿児島県,垂水市,浜平,31.47535618,130.69867072
8994633,鹿児島県,垂水市,二川,31.57335728,130.80334719
8912112,鹿児島県,垂水市,本城,31.48138092,130.71928162
8912123,鹿児島県,垂水市,本町,31.49071102,130.70078333
8912105,鹿児島県,垂水市,松原町,31.48933209,130.70252617
8912126,鹿児島県,垂水市,南松原町,31.487710399999997,130.70057228
8950000,鹿児島県,薩摩川内市,以下に掲載がない場合,31.81351671,130.30424374
8950044,鹿児島県,薩摩川内市,青山町,31.77944828,130.26981898
8950011,鹿児島県,薩摩川内市,天辰町,31.83413733,130.32928006
8951402,鹿児島県,薩摩川内市,入来町浦之名,31.77410654,130.45940887
8951401,鹿児島県,薩摩川内市,入来町副田,31.826794300000003,130.43163976
8950214,鹿児島県,薩摩川内市,運動公園町（３０３０番地）,31.85171902,130.30200248
8950077,鹿児島県,薩摩川内市,運動公園町（その他）,31.847888399999995,130.30492436
8991925,鹿児島県,薩摩川内市,網津町,31.87228059,130.22388673
8950076,鹿児島県,薩摩川内市,大小路町,31.82333794,130.30416022
8950035,鹿児島県,薩摩川内市,尾白江町,31.78262311,130.30297032
8950031,鹿児島県,薩摩川内市,勝目町,31.78482715,130.31930508
8950067,鹿児島県,薩摩川内市,上川内町,31.84162769,130.28129012
8950033,鹿児島県,薩摩川内市,川永野町,31.76265604,130.32285805
8950052,鹿児島県,薩摩川内市,神田町,31.81393298,130.30448261
8950004,鹿児島県,薩摩川内市,久住町,31.84975378,130.38352781
8950002,鹿児島県,薩摩川内市,楠元町,31.84868597,130.34102252
8950041,鹿児島県,薩摩川内市,隈之城町,31.79859037,130.30271198
8950132,鹿児島県,薩摩川内市,久見崎町,31.82823132,130.20318272
8951502,鹿児島県,薩摩川内市,祁答院町藺牟田,31.81759036,130.49134833
8951503,鹿児島県,薩摩川内市,祁答院町上手,31.86005225,130.52801092
8951504,鹿児島県,薩摩川内市,祁答院町黒木,31.87991923,130.54789195
8951501,鹿児島県,薩摩川内市,祁答院町下手,31.86626435,130.484095
8950073,鹿児島県,薩摩川内市,国分寺町,31.83456476,130.30263117
8991922,鹿児島県,薩摩川内市,小倉町,31.85403982,130.26221879
8950066,鹿児島県,薩摩川内市,五代町,31.83196856,130.27581908
8950034,鹿児島県,薩摩川内市,木場茶屋町,31.77003924,130.30709146
8950061,鹿児島県,薩摩川内市,御陵下町,31.83207484,130.29505497
8950213,鹿児島県,薩摩川内市,城上町,31.92181162,130.28634094
8950001,鹿児島県,薩摩川内市,白浜町,31.85319431,130.32534535
8950022,鹿児島県,薩摩川内市,白和町,31.81858072,130.30839907
8950062,鹿児島県,薩摩川内市,大王町,31.82401684,130.2985237
8950071,鹿児島県,薩摩川内市,田海町,31.88264049,130.3185451
8950131,鹿児島県,薩摩川内市,高江町,31.80462441,130.23926286
8950211,鹿児島県,薩摩川内市,高城町,31.86153455,130.2852771
8950006,鹿児島県,薩摩川内市,田崎町,31.81821024,130.33329301
8950072,鹿児島県,薩摩川内市,中郷,31.83552192,130.31409591
8950072,鹿児島県,薩摩川内市,中郷町,31.83552192,130.31409591
8951106,鹿児島県,薩摩川内市,東郷町斧渕,31.87310141,130.35046868
8951101,鹿児島県,薩摩川内市,東郷町宍野,31.89436621,130.33052085
8951103,鹿児島県,薩摩川内市,東郷町鳥丸,31.90900025,130.35509077
8951105,鹿児島県,薩摩川内市,東郷町南瀬,31.86848052,130.38726073
8951102,鹿児島県,薩摩川内市,東郷町藤川,31.93946564,130.31947081
8951104,鹿児島県,薩摩川内市,東郷町山田,31.90265489,130.38371359
8950024,鹿児島県,薩摩川内市,鳥追町,31.81324822,130.31126897
8950005,鹿児島県,薩摩川内市,永利町,31.80601084,130.35097125
8950042,鹿児島県,薩摩川内市,中福良町,31.79008836,130.29951541
8950003,鹿児島県,薩摩川内市,中村町,31.84095454,130.36338663
8950055,鹿児島県,薩摩川内市,西開聞町,31.81647347,130.29807498
8991801,鹿児島県,薩摩川内市,西方町,31.91529223,130.2279396
8950027,鹿児島県,薩摩川内市,西向田町,31.81560376,130.30595745
8950064,鹿児島県,薩摩川内市,花木町,31.82147409,130.29818577
8950074,鹿児島県,薩摩川内市,原田町,31.82815863,130.30730982
8950075,鹿児島県,薩摩川内市,東大小路町,31.82508204,130.31162143
8950051,鹿児島県,薩摩川内市,東開聞町,31.81769566,130.30246659
8950026,鹿児島県,薩摩川内市,東向田町,31.81352013,130.30842119
8950053,鹿児島県,薩摩川内市,冷水町,31.80885929,130.30137297
8950012,鹿児島県,薩摩川内市,平佐,31.80744812,130.32192549
8950012,鹿児島県,薩摩川内市,平佐町,31.80744812,130.32192549
8951203,鹿児島県,薩摩川内市,樋脇町市比野,31.75800329,130.39438395
8951201,鹿児島県,薩摩川内市,樋脇町倉野,31.84877178,130.40015171
8951202,鹿児島県,薩摩川内市,樋脇町塔之原,31.81137353,130.38884066
8991921,鹿児島県,薩摩川内市,水引町,31.86045856,130.23883496
8991924,鹿児島県,薩摩川内市,港町,31.85298175,130.20803169
8950065,鹿児島県,薩摩川内市,宮内町,31.82588648,130.29145547
8950043,鹿児島県,薩摩川内市,都町,31.77001473,130.29112487
8950013,鹿児島県,薩摩川内市,宮崎町,31.79957364,130.32029879
8950056,鹿児島県,薩摩川内市,宮里町,31.80710291,130.27364361
8950025,鹿児島県,薩摩川内市,向田町,31.80855069,130.31151798
8950021,鹿児島県,薩摩川内市,向田本町,31.81750579,130.30662314
8950007,鹿児島県,薩摩川内市,百次町,31.77134079,130.34516141
8950036,鹿児島県,薩摩川内市,矢倉町,31.78654097,130.31030961
8950032,鹿児島県,薩摩川内市,山之口町,31.78133242,130.31016779
8991923,鹿児島県,薩摩川内市,湯島町,31.83958107,130.23564965
8991802,鹿児島県,薩摩川内市,湯田町,31.90258951,130.24260641
8950212,鹿児島県,薩摩川内市,陽成町,31.8967328,130.26322272
8950023,鹿児島県,薩摩川内市,横馬場町,31.81763976,130.31032483
8950133,鹿児島県,薩摩川内市,寄田町,31.80041358,130.19419113
8950063,鹿児島県,薩摩川内市,若葉町,31.82148604,130.30042168
8950054,鹿児島県,薩摩川内市,若松町,31.81401379,130.30139866
8992500,鹿児島県,日置市,以下に掲載がない場合,31.63370821,130.40242404
8992522,鹿児島県,日置市,伊集院町飯牟礼,31.6098803,130.38563557
8992505,鹿児島県,日置市,伊集院町猪鹿倉,31.63052394,130.41097258
8993121,鹿児島県,日置市,伊集院町大田（久木野々石塚）,31.6270332,130.36324297
8992521,鹿児島県,日置市,伊集院町大田（その他）,31.62633842,130.37973349
8992512,鹿児島県,日置市,伊集院町上神殿,31.67993372,130.42752117
8992506,鹿児島県,日置市,伊集院町清藤,31.62693509,130.42445804
8992441,鹿児島県,日置市,伊集院町桑畑,31.65507362,130.39546293
8992524,鹿児島県,日置市,伊集院町恋之原,31.60084873,130.40793232
8992504,鹿児島県,日置市,伊集院町郡,31.64179343,130.4071424
8992511,鹿児島県,日置市,伊集院町下神殿,31.65565569,130.41501029
8992501,鹿児島県,日置市,伊集院町下谷口,31.61436549,130.40850267
8992515,鹿児島県,日置市,伊集院町竹之山,31.63588408,130.45964326
8992516,鹿児島県,日置市,伊集院町土橋,31.63869481,130.43787293
8992443,鹿児島県,日置市,伊集院町寺脇,31.63784329,130.37676834
8992502,鹿児島県,日置市,伊集院町徳重,31.63322708,130.39347893
8992514,鹿児島県,日置市,伊集院町中川,31.64947026,130.45360277
8992442,鹿児島県,日置市,伊集院町野田,31.65019596,130.38232244
8992523,鹿児島県,日置市,伊集院町古城,31.594261,130.39409769
8992503,鹿児島県,日置市,伊集院町妙円寺,31.64441585,130.39428655
8992513,鹿児島県,日置市,伊集院町麦生田,31.65031386,130.42988468
8992203,鹿児島県,日置市,東市来町伊作田,31.64424499,130.33402433
8992204,鹿児島県,日置市,東市来町神之川,31.62496595,130.33683224
8992432,鹿児島県,日置市,東市来町寺脇,31.63476457,130.36347353
8992202,鹿児島県,日置市,東市来町長里,31.66073052,130.35232614
8992434,鹿児島県,日置市,東市来町南神之川,31.62145554,130.33865841
8992433,鹿児島県,日置市,東市来町宮田,31.62990185,130.35210272
8992431,鹿児島県,日置市,東市来町美山,31.64239376,130.36340322
8992201,鹿児島県,日置市,東市来町湯田,31.68036116,130.34505679
8992311,鹿児島県,日置市,東市来町養母,31.69233965,130.39631652
8992421,鹿児島県,日置市,日吉町神之川,31.60993847,130.33551206
8993101,鹿児島県,日置市,日吉町日置,31.60438544,130.35796844
8993102,鹿児島県,日置市,日吉町山田,31.60928958,130.34154578
8993103,鹿児島県,日置市,日吉町吉利（５６１４、５６１９、５６４７、５６５３番地）,31.58055236,130.35551401
8993203,鹿児島県,日置市,日吉町吉利（その他）,31.57640696,130.36152258
8993305,鹿児島県,日置市,吹上町今田,31.51054766,130.33204774
8993304,鹿児島県,日置市,吹上町入来,31.49622656,130.32815723
8993306,鹿児島県,日置市,吹上町小野,31.53700998,130.34081802
8993307,鹿児島県,日置市,吹上町花熟里,31.52816285,130.33753059
8993308,鹿児島県,日置市,吹上町田尻,31.53485117,130.3739544
8993302,鹿児島県,日置市,吹上町中之里,31.49625097,130.34767464
8993301,鹿児島県,日置市,吹上町中原,31.51577624,130.34719422
8993221,鹿児島県,日置市,吹上町永吉,31.55637231,130.37768997
8993303,鹿児島県,日置市,吹上町湯之浦,31.50488758,130.40065955
8993309,鹿児島県,日置市,吹上町与倉,31.52576984,130.40707411
8993311,鹿児島県,日置市,吹上町和田,31.48878635,130.3904722
8998600,鹿児島県,曽於市,以下に掲載がない場合,31.65362048,131.01939012
8998211,鹿児島県,曽於市,大隅町荒谷（荒谷、大迫、中大迫）,31.54744378,130.94666952
8998311,鹿児島県,曽於市,大隅町荒谷（その他）,31.53462816,130.96576018
8998102,鹿児島県,曽於市,大隅町岩川,31.60600694,130.97289435
8998421,鹿児島県,曽於市,大隅町大谷,31.59707585,130.93971065
8998213,鹿児島県,曽於市,大隅町境木町,31.58069873,131.00611644
8998422,鹿児島県,曽於市,大隅町坂元,31.63281551,130.89256768
8998106,鹿児島県,曽於市,大隅町下窪町,31.58305415,131.00347968
8998423,鹿児島県,曽於市,大隅町須田木,31.61124837,130.8770767
8998105,鹿児島県,曽於市,大隅町段中町,31.58607874,131.00200173
8998212,鹿児島県,曽於市,大隅町月野,31.5600167,130.99323636
8998424,鹿児島県,曽於市,大隅町恒吉,31.58757102,130.91400328
8998103,鹿児島県,曽於市,大隅町中之内,31.63140988,130.94780682
8998104,鹿児島県,曽於市,大隅町鳴神町,31.58655577,131.00463438
8998101,鹿児島県,曽於市,末吉町岩崎（池原、岩之上、岩南、前田、牧原、道添、宮原）,31.59634569,131.00714568
8998601,鹿児島県,曽於市,末吉町岩崎（その他）,31.61804051,131.01341869
8998609,鹿児島県,曽於市,末吉町上町,31.65057714,131.02362051
8998602,鹿児島県,曽於市,末吉町栄町,31.65632365,131.01797059
8998603,鹿児島県,曽於市,末吉町新町,31.658158500000003,131.0207692
8998604,鹿児島県,曽於市,末吉町諏訪方,31.657624699999996,130.99352177
8998605,鹿児島県,曽於市,末吉町二之方,31.64721743,131.0250656
8998606,鹿児島県,曽於市,末吉町深川,31.68900988,130.98230566
8998607,鹿児島県,曽於市,末吉町本町,31.6557326,131.0196755
8998608,鹿児島県,曽於市,末吉町南之郷,31.62954328,131.09527819
8994102,鹿児島県,曽於市,財部町北俣,31.74241765,130.9364338
8994103,鹿児島県,曽於市,財部町下財部,31.76093127,130.96387049
8994101,鹿児島県,曽於市,財部町南俣,31.69846399,130.95478686
8994300,鹿児島県,霧島市,以下に掲載がない場合,31.74102587,130.76313287
8994203,鹿児島県,霧島市,霧島大窪,31.82291554,130.84354657
8994204,鹿児島県,霧島市,霧島川北,31.82200654,130.82140765
8994201,鹿児島県,霧島市,霧島田口,31.8776104,130.86779727
8994202,鹿児島県,霧島市,霧島永水,31.79531694,130.83738
8994461,鹿児島県,霧島市,国分上之段,31.69337643,130.8405406
8994318,鹿児島県,霧島市,国分上野原縄文の森,31.71121304,130.80090051
8994317,鹿児島県,霧島市,国分上野原テクノパーク,31.71363265,130.79696575
8994313,鹿児島県,霧島市,国分上井,31.72730799,130.79681439
8994316,鹿児島県,霧島市,国分上小川,31.72764581,130.77158627
8994314,鹿児島県,霧島市,国分川内,31.71559307,130.82095478
8994303,鹿児島県,霧島市,国分川原,31.74224824,130.82783458
8994304,鹿児島県,霧島市,国分清水,31.75421864,130.78110438
8994355,鹿児島県,霧島市,国分剣之宇都町,31.770031300000003,130.76713158
8994305,鹿児島県,霧島市,国分郡田,31.77108573,130.82940459
8994462,鹿児島県,霧島市,国分敷根,31.70292593,130.79896094
8994301,鹿児島県,霧島市,国分重久,31.77998448,130.79980726
8994463,鹿児島県,霧島市,国分下井,31.71151868,130.78066004
8994331,鹿児島県,霧島市,国分城山町,31.74408551,130.77686614
8994351,鹿児島県,霧島市,国分新町,31.75652252,130.77447355
8994302,鹿児島県,霧島市,国分台明寺,31.77480613,130.8173495
8994332,鹿児島県,霧島市,国分中央,31.73940094,130.76897885
8994311,鹿児島県,霧島市,国分名波町,31.73432508,130.78027442
8994344,鹿児島県,霧島市,国分野口北,31.74042863,130.75095591
8994342,鹿児島県,霧島市,国分野口町,31.73534518,130.74917814
8994343,鹿児島県,霧島市,国分野口西,31.73795788,130.74362968
8994341,鹿児島県,霧島市,国分野口東,31.73813687,130.7560682
8994354,鹿児島県,霧島市,国分姫城,31.75888367,130.76558105
8994356,鹿児島県,霧島市,国分姫城南,31.75506998,130.7648583
8994321,鹿児島県,霧島市,国分広瀬,31.71584574,130.75832053
8994322,鹿児島県,霧島市,国分福島,31.72721388,130.75800633
8994345,鹿児島県,霧島市,国分府中,31.74497732,130.75129655
8994346,鹿児島県,霧島市,国分府中町,31.74605549,130.75821485
8994323,鹿児島県,霧島市,国分松木,31.73198738,130.75683741
8994325,鹿児島県,霧島市,国分松木町,31.73278842,130.75226987
8994324,鹿児島県,霧島市,国分松木東,31.7354713,130.75842713
8994315,鹿児島県,霧島市,国分湊,31.71403825,130.77259363
8994352,鹿児島県,霧島市,国分向花,31.73966787,130.75847698
8994353,鹿児島県,霧島市,国分向花町,31.74968917,130.76678159
8994312,鹿児島県,霧島市,国分山下町,31.72843761,130.77858167
8995118,鹿児島県,霧島市,隼人町朝日,31.75387163,130.72501916
8995116,鹿児島県,霧島市,隼人町内,31.75661658,130.73680627
8995106,鹿児島県,霧島市,隼人町内山田,31.74581279,130.73482487
8995105,鹿児島県,霧島市,隼人町小田,31.74489037,130.71534305
8995103,鹿児島県,霧島市,隼人町小浜,31.74064695,130.68759625
8995113,鹿児島県,霧島市,隼人町嘉例川,31.82065125,130.73551214
8995114,鹿児島県,霧島市,隼人町西光寺,31.77838233,130.73620145
8995121,鹿児島県,霧島市,隼人町神宮,31.75220637,130.74272952
8995102,鹿児島県,霧島市,隼人町真孝,31.72754075,130.72662368
8995101,鹿児島県,霧島市,隼人町住吉,31.71969276,130.738756
8995115,鹿児島県,霧島市,隼人町東郷,31.76891188,130.74931684
8995104,鹿児島県,霧島市,隼人町野久美田,31.73361563,130.70932661
8995111,鹿児島県,霧島市,隼人町姫城,31.76066658,130.75862959
8995112,鹿児島県,霧島市,隼人町松永,31.79044313,130.77398223
8995117,鹿児島県,霧島市,隼人町見次,31.74085254,130.74059614
8994504,鹿児島県,霧島市,福山町佳例川,31.69823745,130.886147
8994503,鹿児島県,霧島市,福山町福沢,31.64324556,130.86732758
8994502,鹿児島県,霧島市,福山町福地,31.61658719,130.83013823
8994501,鹿児島県,霧島市,福山町福山,31.65857987,130.83430127
8996604,鹿児島県,霧島市,牧園町上中津川（１８９６～２０７２番）,31.85762003,130.80971052
8996504,鹿児島県,霧島市,牧園町上中津川（その他）,31.84573387,130.79249353
8996602,鹿児島県,霧島市,牧園町三体堂（１８２４－２、１８２４－９、１８２４－４１、,31.90724496,130.81318388
8996602,鹿児島県,霧島市,１８３５－８１、１８３５－１０８、１８３５－１０９、１８３５－２２８、,31.90724496,130.81318388
8996602,鹿児島県,霧島市,１８３５－２３８、１８３５－２５３、２００３－５、２００３－９、,31.90724496,130.81318388
8996602,鹿児島県,霧島市,２００３－１４、２００３－１７、２００３－１８、２０５７－８）,31.90724496,130.81318388
8996502,鹿児島県,霧島市,牧園町三体堂（その他）,31.88480614,130.78387614
8996506,鹿児島県,霧島市,牧園町下中津川,31.82268146,130.77459958
8996507,鹿児島県,霧島市,牧園町宿窪田,31.84480385,130.75394841
8996503,鹿児島県,霧島市,牧園町高千穂（３０１２～３２４０番）,31.86617746,130.78750289
8996603,鹿児島県,霧島市,牧園町高千穂（その他）,31.90076387,130.82642493
8996601,鹿児島県,霧島市,牧園町万膳（１４００～１４７７番）,31.92803853,130.81196047
8996501,鹿児島県,霧島市,牧園町万膳（その他）,31.90281962,130.76242009
8996505,鹿児島県,霧島市,牧園町持松,31.83958185,130.81404496
8996401,鹿児島県,霧島市,溝辺町有川,31.82765289,130.66176702
8996405,鹿児島県,霧島市,溝辺町崎森,31.77621516,130.70479224
8996402,鹿児島県,霧島市,溝辺町竹子,31.86177465,130.64958708
8996404,鹿児島県,霧島市,溝辺町麓,31.81428712,130.7039568
8996403,鹿児島県,霧島市,溝辺町三縄,31.85031043,130.6973547
8996301,鹿児島県,霧島市,横川町上ノ,31.89646808,130.63932012
8996302,鹿児島県,霧島市,横川町下ノ,31.86542999,130.70763753
8996303,鹿児島県,霧島市,横川町中ノ,31.89918152,130.70042168
8960000,鹿児島県,いちき串木野市,以下に掲載がない場合,31.71455273,130.27192843
8960061,鹿児島県,いちき串木野市,愛木町,31.75664893,130.20601455
8960001,鹿児島県,いちき串木野市,曙町,31.72143365,130.27273318
8960015,鹿児島県,いちき串木野市,旭町,31.71785586,130.2690666
8960065,鹿児島県,いちき串木野市,荒川,31.75410593,130.25389683
8960036,鹿児島県,いちき串木野市,浦和町,31.71449005,130.26506094
8960027,鹿児島県,いちき串木野市,恵比須町,31.71131251,130.27591616
8992103,鹿児島県,いちき串木野市,大里,31.67801884,130.30769125
8960011,鹿児島県,いちき串木野市,大原町,31.71674692,130.27314627
8960025,鹿児島県,いちき串木野市,御倉町,31.71368826,130.2680599
8960057,鹿児島県,いちき串木野市,海瀬,31.7071583,130.30176207
8960002,鹿児島県,いちき串木野市,春日町,31.72107554,130.26949538
8960079,鹿児島県,いちき串木野市,河内,31.72997314,130.29267418
8992102,鹿児島県,いちき串木野市,川上,31.7149903,130.33727413
8960052,鹿児島県,いちき串木野市,上名,31.72540848,130.28787363
8960051,鹿児島県,いちき串木野市,冠嶽,31.73843385,130.35171931
8960041,鹿児島県,いちき串木野市,北浜町,31.72110356,130.26410506
8960003,鹿児島県,いちき串木野市,京町,31.72157934,130.26617676
8960075,鹿児島県,いちき串木野市,金山,31.75302617,130.29630265
8960074,鹿児島県,いちき串木野市,金山下,31.74422169,130.28703104
8960063,鹿児島県,いちき串木野市,口之町,31.757617699999997,130.20473071
8960034,鹿児島県,いちき串木野市,小瀬町,31.70839987,130.26451114
8960013,鹿児島県,いちき串木野市,栄町,31.71661594,130.26610579
8960016,鹿児島県,いちき串木野市,桜町,31.71932163,130.27033535
8960072,鹿児島県,いちき串木野市,薩摩山,31.7340164,130.27931723
8960004,鹿児島県,いちき串木野市,汐見町,31.72349914,130.26486073
8960023,鹿児島県,いちき串木野市,塩屋町,31.71150152,130.27041974
8960026,鹿児島県,いちき串木野市,昭和通,31.71423715,130.27087043
8960035,鹿児島県,いちき串木野市,新生町,31.71167842,130.26441717
8960021,鹿児島県,いちき串木野市,住吉町,31.71476623,130.27420713
8960046,鹿児島県,いちき串木野市,西薩町,31.72558798,130.25480355
8960078,鹿児島県,いちき串木野市,生福,31.72915141,130.31256138
8960076,鹿児島県,いちき串木野市,芹ケ野,31.75487324,130.30825459
8960017,鹿児島県,いちき串木野市,高見町,31.71869972,130.27289434
8960055,鹿児島県,いちき串木野市,照島,31.70893289,130.28668416
8960012,鹿児島県,いちき串木野市,中尾町,31.71580917,130.26934973
8960033,鹿児島県,いちき串木野市,長崎町,31.70796385,130.2674179
8960005,鹿児島県,いちき串木野市,西塩田町,31.72428109,130.26695252
8960032,鹿児島県,いちき串木野市,西島平町,31.70805887,130.26988178
8960044,鹿児島県,いちき串木野市,西浜町,31.7174867,130.26211312
8960073,鹿児島県,いちき串木野市,野下,31.74731409,130.28143831
8960066,鹿児島県,いちき串木野市,野元,31.72680874,130.26036714
8960058,鹿児島県,いちき串木野市,袴田,31.71948479,130.28411833
8960064,鹿児島県,いちき串木野市,羽島,31.76857154,130.21077905
8960069,鹿児島県,いちき串木野市,浜ケ城,31.72325744,130.27779958
8960062,鹿児島県,いちき串木野市,浜田町,31.75593589,130.20450466
8960006,鹿児島県,いちき串木野市,東塩田町,31.72401418,130.2716901
8960031,鹿児島県,いちき串木野市,東島平町,31.70840078,130.27306239
8960054,鹿児島県,いちき串木野市,日出町,31.71802793,130.275861
8960028,鹿児島県,いちき串木野市,ひばりが丘,31.71009067,130.27834908
8960067,鹿児島県,いちき串木野市,平江,31.7283337,130.2681664
8960071,鹿児島県,いちき串木野市,深田上,31.74499327,130.27385029
8960077,鹿児島県,いちき串木野市,深田下,31.73985857,130.26412739
8960037,鹿児島県,いちき串木野市,別府,31.70091589,130.28309388
8960045,鹿児島県,いちき串木野市,まぐろ本町,31.71527691,130.26049832
8960024,鹿児島県,いちき串木野市,美住町,31.71083855,130.26787388
8960068,鹿児島県,いちき串木野市,三井,31.72889296,130.27548463
8960022,鹿児島県,いちき串木野市,緑町,31.71224537,130.27280032
8960043,鹿児島県,いちき串木野市,港町,31.7168309,130.26431795
8992101,鹿児島県,いちき串木野市,湊町,31.69592375,130.30787759
8960042,鹿児島県,いちき串木野市,本浜町,31.71876879,130.26366516
8960014,鹿児島県,いちき串木野市,元町,31.71962064,130.26614962
8960056,鹿児島県,いちき串木野市,八房,31.70268858,130.28890911
8970000,鹿児島県,南さつま市,以下に掲載がない場合,31.416611,130.32340764
8980221,鹿児島県,南さつま市,大浦町（４７１３～５２７７番地）,31.34362957,130.21270475
8971201,鹿児島県,南さつま市,大浦町（その他）,31.367492,130.23544002
8971302,鹿児島県,南さつま市,笠沙町赤生木,31.38507701,130.18173064
8971301,鹿児島県,南さつま市,笠沙町片浦,31.41560368,130.15546136
8970004,鹿児島県,南さつま市,加世田内山田,31.36854822,130.31766232
8970003,鹿児島県,南さつま市,加世田川畑,31.40390811,130.34105832
8971122,鹿児島県,南さつま市,加世田小湊,31.4078717,130.26467482
8970008,鹿児島県,南さつま市,加世田地頭所,31.42288273,130.3201749
8970007,鹿児島県,南さつま市,加世田白亀,31.41583769,130.31416431
8971123,鹿児島県,南さつま市,加世田高橋,31.43651794,130.28726321
8970002,鹿児島県,南さつま市,加世田武田,31.39848315,130.29371605
8993611,鹿児島県,南さつま市,加世田津貫,31.3471906,130.27456116
8971121,鹿児島県,南さつま市,加世田唐仁原,31.41921832,130.30106588
8970009,鹿児島県,南さつま市,加世田ハーモニー,31.40438576,130.32338509
8970031,鹿児島県,南さつま市,加世田東本町,31.41819755,130.32720956
8970005,鹿児島県,南さつま市,加世田麓町,31.41354317,130.32129752
8970006,鹿児島県,南さつま市,加世田本町,31.41887948,130.32043441
8971125,鹿児島県,南さつま市,加世田益山,31.43516475,130.31406571
8971124,鹿児島県,南さつま市,加世田宮原,31.42873652,130.30775571
8970001,鹿児島県,南さつま市,加世田村原,31.42436168,130.32963999
8993405,鹿児島県,南さつま市,金峰町池辺,31.46852157,130.34352006
8993516,鹿児島県,南さつま市,金峰町浦之名,31.44695282,130.37306394
8993401,鹿児島県,南さつま市,金峰町大野,31.47998697,130.34785113
8993403,鹿児島県,南さつま市,金峰町尾下,31.45786087,130.34857028
8993513,鹿児島県,南さつま市,金峰町白川,31.42609283,130.37904857
8993402,鹿児島県,南さつま市,金峰町大坂,31.4657809,130.40666761
8993404,鹿児島県,南さつま市,金峰町高橋,31.45422556,130.31013494
8993515,鹿児島県,南さつま市,金峰町中津野,31.4487439,130.34607708
8993514,鹿児島県,南さつま市,金峰町新山,31.43871138,130.35110815
8993512,鹿児島県,南さつま市,金峰町花瀬,31.42287232,130.34585065
8993511,鹿児島県,南さつま市,金峰町宮崎,31.43972857,130.32547022
8980212,鹿児島県,南さつま市,坊津町秋目,31.35795993,130.20281392
8980211,鹿児島県,南さつま市,坊津町久志,31.31316118,130.23304145
8980102,鹿児島県,南さつま市,坊津町泊,31.28821601,130.24057377
8980101,鹿児島県,南さつま市,坊津町坊,31.26343337,130.23792576
8997100,鹿児島県,志布志市,以下に掲載がない場合,31.49544165,131.04533608
8997401,鹿児島県,志布志市,有明町伊崎田,31.53332629,131.04911024
8997402,鹿児島県,志布志市,有明町野井倉,31.481869899999996,131.04528112
8998312,鹿児島県,志布志市,有明町野神（抜谷、塗木、本地、曲、水ノ谷）,31.50990873,130.93327553
8997512,鹿児島県,志布志市,有明町野神（その他）,31.49385454,130.98138874
8997511,鹿児島県,志布志市,有明町原田,31.46858805,130.99764879
8997403,鹿児島県,志布志市,有明町蓬原（春日）,31.46331775,131.04514656
8997503,鹿児島県,志布志市,有明町蓬原（その他）,31.48660987,131.02478607
8997513,鹿児島県,志布志市,有明町山重,31.52182782,130.99425099
8997104,鹿児島県,志布志市,志布志町安楽,31.48849098,131.0763649
8997211,鹿児島県,志布志市,志布志町内之倉,31.57075014,131.18142611
8997103,鹿児島県,志布志市,志布志町志布志,31.47760115,131.09530031
8997212,鹿児島県,志布志市,志布志町田之浦,31.5784872,131.14129124
8997102,鹿児島県,志布志市,志布志町帖,31.49155108,131.14435213
8997101,鹿児島県,志布志市,志布志町夏井,31.47388971,131.14326661
8997603,鹿児島県,志布志市,松山町尾野見,31.54983599,131.10155196
8997601,鹿児島県,志布志市,松山町新橋,31.58525654,131.04872696
8997602,鹿児島県,志布志市,松山町泰野,31.57375359,131.08682564
8940000,鹿児島県,奄美市,以下に掲載がない場合,28.37724749,129.49374038
8940009,鹿児島県,奄美市,名瀬大熊町,28.40404042,129.52231731
8970200,鹿児島県,南九州市,以下に掲載がない場合,31.37826174,130.44164487
8910705,鹿児島県,南九州市,頴娃町上別府,31.3042256,130.47591754
8910701,鹿児島県,南九州市,頴娃町郡,31.24335267,130.51685965
8910703,鹿児島県,南九州市,頴娃町御領,31.26184063,130.47211102
8910704,鹿児島県,南九州市,頴娃町別府,31.27315782,130.43073178
8910702,鹿児島県,南九州市,頴娃町牧之内,31.27471361,130.50556538
8970212,鹿児島県,南九州市,川辺町今田,31.38685249,130.40589169
8970213,鹿児島県,南九州市,川辺町小野,31.37832783,130.40910561
8970131,鹿児島県,南九州市,川辺町上山田,31.33755529,130.34669234
8970202,鹿児島県,南九州市,川辺町清水,31.43634642,130.44619074
8970201,鹿児島県,南九州市,川辺町神殿,31.44548941,130.42190286
8970133,鹿児島県,南九州市,川辺町下山田,31.39172843,130.3537905
8970223,鹿児島県,南九州市,川辺町高田,31.36029597,130.3818651
8970221,鹿児島県,南九州市,川辺町田部田,31.39777323,130.37779696
8970222,鹿児島県,南九州市,川辺町永田,31.39184785,130.37118493
8970132,鹿児島県,南九州市,川辺町中山田,31.36825324,130.35466753
8970203,鹿児島県,南九州市,川辺町野崎,31.42484307,130.47131673
8970205,鹿児島県,南九州市,川辺町野間,31.41248044,130.39752521
8970215,鹿児島県,南九州市,川辺町平山,31.39881144,130.39147865
8970204,鹿児島県,南九州市,川辺町古殿,31.40783871,130.4096064
8970214,鹿児島県,南九州市,川辺町宮,31.37087909,130.39651711
8970224,鹿児島県,南九州市,川辺町本別府,31.33577229,130.37972621
8970211,鹿児島県,南九州市,川辺町両添,31.39352093,130.41095087
8970301,鹿児島県,南九州市,知覧町厚地,31.39355677,130.44047961
8970302,鹿児島県,南九州市,知覧町郡,31.38707026,130.46005193
8910911,鹿児島県,南九州市,知覧町塩屋,31.28251524,130.3831077
8970305,鹿児島県,南九州市,知覧町瀬世,31.34109925,130.43036575
8970303,鹿児島県,南九州市,知覧町永里,31.36609938,130.47047468
8970306,鹿児島県,南九州市,知覧町西元,31.3342425,130.40424074
8970304,鹿児島県,南九州市,知覧町東別府,31.32175101,130.44780052
8910912,鹿児島県,南九州市,知覧町南別府,31.26919333,130.3959407
8952500,鹿児島県,伊佐市,以下に掲載がない場合,32.05722452,130.6131046
8952504,鹿児島県,伊佐市,大口青木,32.08281625,130.67671959
8952501,鹿児島県,伊佐市,大口牛尾,32.10405102,130.62426453
8952522,鹿児島県,伊佐市,大口大島,32.04545721,130.5994618
8952507,鹿児島県,伊佐市,大口大田,32.07867577,130.6051213
8952523,鹿児島県,伊佐市,大口金波田,32.03608818,130.60517755
8952513,鹿児島県,伊佐市,大口上町,32.06105843,130.60653128
8952528,鹿児島県,伊佐市,大口川岩瀬,32.04189358,130.5420808
8952502,鹿児島県,伊佐市,大口木ノ氏,32.10479373,130.64958796
8952634,鹿児島県,伊佐市,大口小川内,32.1240473,130.5132206
8952631,鹿児島県,伊佐市,大口小木原,32.12160608,130.61937325
8952511,鹿児島県,伊佐市,大口里,32.06016082,130.61259181
8952503,鹿児島県,伊佐市,大口篠原,32.07823016,130.63954276
8952525,鹿児島県,伊佐市,大口下殿,32.03073128,130.58713754
8952529,鹿児島県,伊佐市,大口白木,32.05891639,130.54781611
8952441,鹿児島県,伊佐市,大口曽木,32.00257186,130.59758167
8952527,鹿児島県,伊佐市,大口田代,32.02997969,130.51356515
8952524,鹿児島県,伊佐市,大口堂崎,32.02947653,130.59948025
8952521,鹿児島県,伊佐市,大口鳥巣,32.06426876,130.58664262
8952506,鹿児島県,伊佐市,大口原田,32.04634921,130.62241255
8952442,鹿児島県,伊佐市,大口針持,31.97853908,130.57610831
8952633,鹿児島県,伊佐市,大口平出水,32.09363287,130.555428
8952632,鹿児島県,伊佐市,大口渕辺,32.08408062,130.58748231
8952526,鹿児島県,伊佐市,大口宮人,32.02405373,130.5642475
8952505,鹿児島県,伊佐市,大口目丸,32.05750532,130.62769818
8952512,鹿児島県,伊佐市,大口元町,32.05807376,130.60831008
8952635,鹿児島県,伊佐市,大口山野,32.13703131,130.56808229
8952811,鹿児島県,伊佐市,菱刈荒田,31.98328061,130.61774673
8952704,鹿児島県,伊佐市,菱刈市山,32.05699481,130.66688187
8952708,鹿児島県,伊佐市,菱刈川北,31.98936237,130.66357506
8952812,鹿児島県,伊佐市,菱刈川南,31.9607575,130.65694871
8952705,鹿児島県,伊佐市,菱刈重留,32.03421466,130.63806316
8952702,鹿児島県,伊佐市,菱刈下手,32.02387499,130.61505676
8952706,鹿児島県,伊佐市,菱刈田中,32.04150958,130.67167101
8952707,鹿児島県,伊佐市,菱刈徳辺,32.02378392,130.66484571
8952703,鹿児島県,伊佐市,菱刈花北,32.03453419,130.62408779
8952701,鹿児島県,伊佐市,菱刈前目,32.01492815,130.69025274
8952813,鹿児島県,伊佐市,菱刈南浦,31.97113906,130.63298677
8995400,鹿児島県,姶良市,以下に掲載がない場合,31.72822773,130.62781592
8995653,鹿児島県,姶良市,池島町,31.71758154,130.61504222
8995544,鹿児島県,姶良市,大山,31.76434996,130.6268965
8995213,鹿児島県,姶良市,加治木町朝日町,31.734868100000003,130.66933592
8995214,鹿児島県,姶良市,加治木町仮屋町,31.74113049,130.66498223
8995241,鹿児島県,姶良市,加治木町木田,31.74066748,130.65200607
8995222,鹿児島県,姶良市,加治木町錦江町,31.73669785,130.66076462
8995203,鹿児島県,姶良市,加治木町小山田,31.77720982,130.68047615
8995223,鹿児島県,姶良市,加治木町新生町,31.73926562,130.65470396
8995211,鹿児島県,姶良市,加治木町新富町,31.74151361,130.66926893
8995212,鹿児島県,姶良市,加治木町諏訪町,31.73793973,130.66969397
8995231,鹿児島県,姶良市,加治木町反土,31.74151645,130.67247371
8995201,鹿児島県,姶良市,加治木町西別府,31.78957946,130.64653339
8995204,鹿児島県,姶良市,加治木町日木山,31.74561341,130.67762843
8995202,鹿児島県,姶良市,加治木町辺川,31.79138649,130.65550819
8995221,鹿児島県,姶良市,加治木町港町,31.73197443,130.66420943
8995215,鹿児島県,姶良市,加治木町本町,31.73748471,130.66429236
8995542,鹿児島県,姶良市,上名,31.8050816,130.61987321
8995301,鹿児島県,姶良市,蒲生町漆,31.83183895,130.55411139
8995302,鹿児島県,姶良市,蒲生町上久徳,31.76823077,130.57952493
8995303,鹿児島県,姶良市,蒲生町北,31.77651087,130.55522401
8995304,鹿児島県,姶良市,蒲生町下久徳,31.75158736,130.58456299
8995305,鹿児島県,姶良市,蒲生町白男,31.76145958,130.51518836
8995306,鹿児島県,姶良市,蒲生町西浦,31.80812521,130.53925882
8995307,鹿児島県,姶良市,蒲生町久末,31.75558247,130.5401367
8995308,鹿児島県,姶良市,蒲生町米丸,31.78675187,130.57255454
8995541,鹿児島県,姶良市,北山,31.83923337,130.60517311
8995545,鹿児島県,姶良市,木津志,31.82201092,130.5805183
8995412,鹿児島県,姶良市,三拾町,31.74986257,130.62338937
8995543,鹿児島県,姶良市,下名,31.7710538,130.61158785
8995405,鹿児島県,姶良市,住吉,31.76546492,130.59393261
8995401,鹿児島県,姶良市,寺師,31.78022547,130.59749591
8995413,鹿児島県,姶良市,豊留,31.75183891,130.61439599
8995654,鹿児島県,姶良市,永池町,31.71587169,130.61248749
8995404,鹿児島県,姶良市,永瀬,31.756830600000004,130.5965937
8995402,鹿児島県,姶良市,中津野,31.751217800000003,130.60876656
8995411,鹿児島県,姶良市,鍋倉,31.74690139,130.63270901
8995656,鹿児島県,姶良市,西姶良,31.73141679,130.60193395
8995433,鹿児島県,姶良市,西宮島町,31.72516013,130.62127146
8995431,鹿児島県,姶良市,西餠田,31.72744268,130.61984559
8995421,鹿児島県,姶良市,東餠田,31.72604406,130.63333472
8995652,鹿児島県,姶良市,平松,31.71233778,130.58914875
8995414,鹿児島県,姶良市,深水,31.75927956,130.6195143
8995655,鹿児島県,姶良市,船津,31.74212488,130.60077565
8995403,鹿児島県,姶良市,増田,31.75379623,130.60402105
8995422,鹿児島県,姶良市,松原町,31.72083752,130.63170997
8995432,鹿児島県,姶良市,宮島町,31.72674586,130.627271
8995651,鹿児島県,姶良市,脇元,31.69413702,130.60946587
8900000,鹿児島県,鹿児島郡三島村,以下に掲載がない場合,30.83549585,129.95602847
8915200,鹿児島県,鹿児島郡十島村,以下に掲載がない場合,29.83779021,129.85298011
8951800,鹿児島県,薩摩郡さつま町,以下に掲載がない場合,31.90627555,130.45515133
8951814,鹿児島県,薩摩郡さつま町,旭町,31.90916979,130.45440175
8952104,鹿児島県,薩摩郡さつま町,柏原,31.93944518,130.45218935
8952131,鹿児島県,薩摩郡さつま町,柊野,31.99054807,130.43591594
8951722,鹿児島県,薩摩郡さつま町,久富木,31.84584293,130.45021631
8952201,鹿児島県,薩摩郡さつま町,求名,31.97507689,130.55048888
8952102,鹿児島県,薩摩郡さつま町,神子,31.99006907,130.47977547
8952103,鹿児島県,薩摩郡さつま町,紫尾,31.96564735,130.43145834
8951805,鹿児島県,薩摩郡さつま町,白男川,31.91288489,130.40551848
8951802,鹿児島県,薩摩郡さつま町,田原,31.90963099,130.47780991
8952101,鹿児島県,薩摩郡さつま町,鶴田,31.97223637,130.51555832
8951816,鹿児島県,薩摩郡さつま町,時吉,31.91882583,130.46951323
8951813,鹿児島県,薩摩郡さつま町,轟町,31.91365739,130.45786932
8951806,鹿児島県,薩摩郡さつま町,泊野,31.95477102,130.37005858
8951811,鹿児島県,薩摩郡さつま町,虎居,31.91058439,130.43346913
8951812,鹿児島県,薩摩郡さつま町,虎居町,31.9078619,130.45138592
8952202,鹿児島県,薩摩郡さつま町,中津川,31.900407300000005,130.5584508
8952203,鹿児島県,薩摩郡さつま町,永野,31.92065266,130.58937199
8951815,鹿児島県,薩摩郡さつま町,西新町,31.90683887,130.44747624
8951807,鹿児島県,薩摩郡さつま町,平川,31.9585461,130.40078642
8951801,鹿児島県,薩摩郡さつま町,広瀬,31.91435012,130.50302066
8951723,鹿児島県,薩摩郡さつま町,二渡,31.87352025,130.41903869
8951804,鹿児島県,薩摩郡さつま町,船木,31.88343288,130.45388599
8951803,鹿児島県,薩摩郡さつま町,宮之城屋地,31.90218267,130.45679879
8951721,鹿児島県,薩摩郡さつま町,山崎,31.85810697,130.42617588
8951817,鹿児島県,薩摩郡さつま町,湯田,31.93969665,130.47379794
8991400,鹿児島県,出水郡長島町,以下に掲載がない場合,32.19937405,130.17683274
8991402,鹿児島県,出水郡長島町,浦底,32.200028499999995,130.15973674
8991212,鹿児島県,出水郡長島町,川床,32.15885244,130.17596585
8991301,鹿児島県,出水郡長島町,蔵之元,32.18288164,130.11283292
8991303,鹿児島県,出水郡長島町,指江,32.16243458,130.12707681
8991321,鹿児島県,出水郡長島町,下山門野,32.11720291,130.145492
8991304,鹿児島県,出水郡長島町,城川内,32.13524867,130.12950034
8991403,鹿児島県,出水郡長島町,諸浦,32.24742335,130.17454324
8991401,鹿児島県,出水郡長島町,鷹巣,32.20360091,130.18214136
8991302,鹿児島県,出水郡長島町,平尾,32.18672991,130.13385325
8991211,鹿児島県,出水郡長島町,山門野,32.1153134,130.16297969
8996200,鹿児島県,姶良郡湧水町,以下に掲載がない場合,31.95157959,130.72092409
8996204,鹿児島県,姶良郡湧水町,稲葉崎,31.98135535,130.69350791
8996103,鹿児島県,姶良郡湧水町,川添,31.983524100000004,130.7681515
8996104,鹿児島県,姶良郡湧水町,川西,32.00541845,130.7239331
8996202,鹿児島県,姶良郡湧水町,北方,31.96762241,130.7216018
8996205,鹿児島県,姶良郡湧水町,幸田,31.93273266,130.67243431
8996201,鹿児島県,姶良郡湧水町,木場,31.93410002,130.76890885
8996203,鹿児島県,姶良郡湧水町,田尾原,31.97694427,130.70756936
8996206,鹿児島県,姶良郡湧水町,恒次,31.96144522,130.68255122
8996101,鹿児島県,姶良郡湧水町,鶴丸,32.03111002,130.75053407
8996102,鹿児島県,姶良郡湧水町,中津川,32.0132623,130.76007297
8996105,鹿児島県,姶良郡湧水町,般若寺,32.04177845,130.72447744
8996207,鹿児島県,姶良郡湧水町,米永,31.93787813,130.70633548
8997300,鹿児島県,曽於郡大崎町,以下に掲載がない場合,31.42920009,131.00586466
8997309,鹿児島県,曽於郡大崎町,井俣,31.45420388,131.0070012
8997308,鹿児島県,曽於郡大崎町,岡別府,31.453784,130.98376405
8997305,鹿児島県,曽於郡大崎町,假宿,31.43436789,131.0018984
8997302,鹿児島県,曽於郡大崎町,神領,31.43759421,131.025083
8997306,鹿児島県,曽於郡大崎町,永吉,31.42602558,130.99194778
8998313,鹿児島県,曽於郡大崎町,野方,31.50805804,130.93867731
8997301,鹿児島県,曽於郡大崎町,菱田,31.45229771,131.03727002
8997303,鹿児島県,曽於郡大崎町,益丸,31.4270628,131.02912014
8997307,鹿児島県,曽於郡大崎町,持留,31.45853661,130.9572194
8997304,鹿児島県,曽於郡大崎町,横瀬,31.41470679,131.0214234
8931600,鹿児島県,肝属郡東串良町,以下に掲載がない場合,31.38551644,130.97349444
8931612,鹿児島県,肝属郡東串良町,池之原,31.39251755,130.97249471
8931611,鹿児島県,肝属郡東串良町,岩弘,31.41747305,130.95750292
8931615,鹿児島県,肝属郡東串良町,川東,31.37894661,131.00245488
8931613,鹿児島県,肝属郡東串良町,川西,31.37069317,130.9739196
8931614,鹿児島県,肝属郡東串良町,新川西,31.37631834,130.99447772
8932300,鹿児島県,肝属郡錦江町,以下に掲載がない場合,31.2435662,130.78759494
8932301,鹿児島県,肝属郡錦江町,神川,31.27771363,130.82783707
8932302,鹿児島県,肝属郡錦江町,城元,31.23713459,130.89189455
8932402,鹿児島県,肝属郡錦江町,田代川原,31.16610497,130.83601088
8932401,鹿児島県,肝属郡錦江町,田代麓,31.1705627,130.88529861
8932303,鹿児島県,肝属郡錦江町,馬場,31.24040407,130.85476179
8932500,鹿児島県,肝属郡南大隅町,以下に掲載がない場合,31.21726247,130.76809709
8932601,鹿児島県,肝属郡南大隅町,佐多伊座敷,31.07671036,130.68120375
8932603,鹿児島県,肝属郡南大隅町,佐多郡,31.06761222,130.75304153
8932602,鹿児島県,肝属郡南大隅町,佐多辺塚,31.10775392,130.84514439
8932604,鹿児島県,肝属郡南大隅町,佐多馬籠,31.05604329,130.70120179
8932501,鹿児島県,肝属郡南大隅町,根占川北,31.22387049,130.80531716
8932502,鹿児島県,肝属郡南大隅町,根占川南,31.21038388,130.7794407
8932505,鹿児島県,肝属郡南大隅町,根占辺田,31.1468464,130.76030831
8932504,鹿児島県,肝属郡南大隅町,根占山本,31.19366534,130.77273053
8932503,鹿児島県,肝属郡南大隅町,根占横別府,31.16706303,130.80816684
8931200,鹿児島県,肝属郡肝付町,以下に掲載がない場合,31.344255600000004,130.94507848
8931203,鹿児島県,肝属郡肝付町,後田,31.28928808,130.95641404
8931511,鹿児島県,肝属郡肝付町,岸良,31.18738851,130.97976727
8931401,鹿児島県,肝属郡肝付町,北方,31.30099899,131.04999024
8931204,鹿児島県,肝属郡肝付町,富山,31.37926507,130.903774
8931207,鹿児島県,肝属郡肝付町,新富,31.33188981,130.95864578
8931201,鹿児島県,肝属郡肝付町,野崎,31.33575174,130.99185253
8931202,鹿児島県,肝属郡肝付町,波見,31.33605233,131.03853837
8931206,鹿児島県,肝属郡肝付町,前田,31.34094655,130.94234109
8931402,鹿児島県,肝属郡肝付町,南方,31.26460097,131.06115891
8931205,鹿児島県,肝属郡肝付町,宮下,31.36251282,130.91747713
8913600,鹿児島県,熊毛郡中種子町,以下に掲載がない場合,30.53282167,130.95884931
8913700,鹿児島県,熊毛郡南種子町,以下に掲載がない場合,30.41407098,130.90085944
8914200,鹿児島県,熊毛郡屋久島町,以下に掲載がない場合,30.37129889,130.66646763
8943100,鹿児島県,大島郡大和村,以下に掲載がない場合,28.358088399999996,129.3952631
8943300,鹿児島県,大島郡宇検村,以下に掲載がない場合,28.28073088,129.29709202
8941500,鹿児島県,大島郡瀬戸内町,以下に掲載がない場合,28.14640178,129.31490177
8941510,鹿児島県,大島郡瀬戸内町,古仁屋瀬久井西,28.144197100000003,129.31867851
8941509,鹿児島県,大島郡瀬戸内町,古仁屋瀬久井東,28.14280115,129.32010135
8940100,鹿児島県,大島郡龍郷町,以下に掲載がない場合,28.41329667,129.58935067
8916200,鹿児島県,大島郡喜界町,以下に掲載がない場合,28.31683556,129.94003213
8917100,鹿児島県,大島郡徳之島町,以下に掲載がない場合,27.72659256,129.01866882
8917600,鹿児島県,大島郡天城町,以下に掲載がない場合,27.81178163,128.89770135
8918300,鹿児島県,大島郡伊仙町,以下に掲載がない場合,27.67354708,128.93779537
8919100,鹿児島県,大島郡和泊町,以下に掲載がない場合,27.39228708,128.65547465
8919200,鹿児島県,大島郡知名町,以下に掲載がない場合,27.33367531,128.57372999
8919300,鹿児島県,大島郡与論町,以下に掲載がない場合,27.04852628,128.4148321
9000000,沖縄県,那覇市,以下に掲載がない場合,26.21231229,127.67915608
9010154,沖縄県,那覇市,赤嶺,26.19446085,127.66029561
9000002,沖縄県,那覇市,曙,26.23751286,127.68172912
9020067,沖縄県,那覇市,安里,26.219237100000004,127.69406237
9000029,沖縄県,那覇市,旭町,26.20940089,127.67689041
9010143,沖縄県,那覇市,安次嶺,26.20041196,127.65627652
9000003,沖縄県,那覇市,安謝,26.23648102,127.69058652
9000005,沖縄県,那覇市,天久,26.23405415,127.68854982
9000021,沖縄県,那覇市,泉崎,26.21085579,127.67958228
9000011,沖縄県,那覇市,上之屋,26.22805071,127.68632099
9010153,沖縄県,那覇市,宇栄原,26.18781498,127.66742583
9020073,沖縄県,那覇市,上間,26.19850821,127.71272576
9000026,沖縄県,那覇市,奥武山町,26.20444224,127.6749371
9010148,沖縄県,那覇市,大嶺,26.19498401,127.64298757
9000006,沖縄県,那覇市,おもろまち,26.22648829,127.69527764
9010152,沖縄県,那覇市,小禄,26.19336282,127.67492204
9010142,沖縄県,那覇市,鏡水,26.21094998,127.65363411
9000028,沖縄県,那覇市,垣花町,26.20626992,127.66952619
9010155,沖縄県,那覇市,金城,26.20027545,127.66547192
9010151,沖縄県,那覇市,鏡原町,26.19802928,127.67860137
9010146,沖縄県,那覇市,具志,26.18230571,127.65506263
9000033,沖縄県,那覇市,久米,26.21650496,127.67489104
9000015,沖縄県,那覇市,久茂地,26.21679288,127.68039448
9020075,沖縄県,那覇市,国場,26.19764998,127.699086
9000024,沖縄県,那覇市,古波蔵,26.19895339,127.68725372
9020078,沖縄県,那覇市,識名,26.20385438,127.70946562
9030813,沖縄県,那覇市,首里赤田町,26.21652025,127.72282039
9030811,沖縄県,那覇市,首里赤平町,26.2232884,127.72120601
9030824,沖縄県,那覇市,首里池端町,26.22057964,127.71600267
9030804,沖縄県,那覇市,首里石嶺町,26.227536199999996,127.73002227
9030823,沖縄県,那覇市,首里大中町,26.22172752,127.71582063
9030802,沖縄県,那覇市,首里大名町,26.23125161,127.71805386
9030815,沖縄県,那覇市,首里金城町,26.21458832,127.71671493
9030821,沖縄県,那覇市,首里儀保町,26.22473814,127.71701846
9030807,沖縄県,那覇市,首里久場川町,26.22425248,127.7243929
9030814,沖縄県,那覇市,首里崎山町,26.21117972,127.72240668
9030826,沖縄県,那覇市,首里寒川町,26.21756874,127.71030725
9030801,沖縄県,那覇市,首里末吉町,26.22998246,127.71189047
9030803,沖縄県,那覇市,首里平良町,26.22904578,127.7201119
9030806,沖縄県,那覇市,首里汀良町,26.2203538,127.72568987
9030812,沖縄県,那覇市,首里当蔵町,26.21926788,127.71990045
9030822,沖縄県,那覇市,首里桃原町,26.22381228,127.71499867
9030805,沖縄県,那覇市,首里鳥堀町,26.21765417,127.72879476
9030816,沖縄県,那覇市,首里真和志町,26.21915668,127.71520894
9030825,沖縄県,那覇市,首里山川町,26.22191333,127.71311473
9010141,沖縄県,那覇市,住吉町,26.20911441,127.66433931
9000023,沖縄県,那覇市,楚辺,26.20626736,127.68556811
9020066,沖縄県,那覇市,大道,26.21780136,127.69939303
9010145,沖縄県,那覇市,高良,26.18734163,127.66083917
9010156,沖縄県,那覇市,田原,26.1968671,127.66874703
9000037,沖縄県,那覇市,辻,26.21795047,127.66993822
9000025,沖縄県,那覇市,壺川,26.20551148,127.68006666
9020065,沖縄県,那覇市,壺屋,26.21287985,127.69296391
9010144,沖縄県,那覇市,当間,26.19907618,127.65315067
9000012,沖縄県,那覇市,泊,26.2242093,127.68626944
9000035,沖縄県,那覇市,通堂町,26.21226694,127.66046935
9020074,沖縄県,那覇市,仲井真,26.19562851,127.70864919
9020077,沖縄県,那覇市,長田,26.20223257,127.70350317
9000036,沖縄県,那覇市,西,26.21576175,127.66749778
9020071,沖縄県,那覇市,繁多川,26.21177163,127.71167366
9000034,沖縄県,那覇市,東町,26.21210827,127.67412837
9000022,沖縄県,那覇市,樋川,26.208440300000003,127.68923761
9020061,沖縄県,那覇市,古島,26.22838243,127.70655791
9020072,沖縄県,那覇市,真地,26.20316854,127.7178168
9000016,沖縄県,那覇市,前島,26.22273522,127.68381087
9020068,沖縄県,那覇市,真嘉比,26.22431181,127.70209146
9000013,沖縄県,那覇市,牧志,26.21635227,127.68850501
9000014,沖縄県,那覇市,松尾,26.21345642,127.68495944
9020062,沖縄県,那覇市,松川,26.21835761,127.7061025
9020069,沖縄県,那覇市,松島,26.22487793,127.70982681
9000032,沖縄県,那覇市,松山,26.21913255,127.6789044
9000001,沖縄県,那覇市,港町,26.23638782,127.67446279
9020063,沖縄県,那覇市,三原,26.21132328,127.70030761
9010147,沖縄県,那覇市,宮城,26.18864602,127.65135834
9000004,沖縄県,那覇市,銘苅,26.23338889,127.70015807
9000027,沖縄県,那覇市,山下町,26.20278924,127.66982367
9020076,沖縄県,那覇市,与儀,26.20359105,127.69337387
9020064,沖縄県,那覇市,寄宮,26.20757676,127.69726629
9000031,沖縄県,那覇市,若狭,26.22180127,127.6762185
9012200,沖縄県,宜野湾市,以下に掲載がない場合,26.28157509,127.77863407
9012206,沖縄県,宜野湾市,愛知,26.26759044,127.7684936
9012205,沖縄県,宜野湾市,赤道,26.27328914,127.7713742
9012201,沖縄県,宜野湾市,新城,26.28566698,127.76922686
9012221,沖縄県,宜野湾市,伊佐,26.28794062,127.75534479
9012204,沖縄県,宜野湾市,上原,26.27807191,127.77369687
9012227,沖縄県,宜野湾市,宇地泊,26.27122837,127.72993659
9012225,沖縄県,宜野湾市,大謝名,26.267157,127.7368554
9012223,沖縄県,宜野湾市,大山,26.27900899,127.74763176
9012226,沖縄県,宜野湾市,嘉数,26.25936155,127.73493367
9012214,沖縄県,宜野湾市,我如古,26.25597336,127.75408134
9012207,沖縄県,宜野湾市,神山,26.27374977,127.76179496
9012211,沖縄県,宜野湾市,宜野湾,26.26403052,127.75795961
9012222,沖縄県,宜野湾市,喜友名,26.28662784,127.76345419
9012216,沖縄県,宜野湾市,佐真下,26.26533739,127.74797236
9012213,沖縄県,宜野湾市,志真志,26.25720032,127.76237064
9012212,沖縄県,宜野湾市,長田,26.26229692,127.76541409
9012203,沖縄県,宜野湾市,野嵩,26.28596227,127.78016873
9012202,沖縄県,宜野湾市,普天間,26.29234656,127.77413304
9012215,沖縄県,宜野湾市,真栄原,26.26018275,127.74290598
9012224,沖縄県,宜野湾市,真志喜,26.27597621,127.73686389
9070000,沖縄県,石垣市,以下に掲載がない場合,24.34066012,124.15558068
9070244,沖縄県,石垣市,盛山,24.38979189,124.24060536
9012100,沖縄県,浦添市,以下に掲載がない場合,26.24581566,127.7217984
9012114,沖縄県,浦添市,安波茶,26.24558623,127.7202793
9012132,沖縄県,浦添市,伊祖,26.25484546,127.72076603
9012128,沖縄県,浦添市,伊奈武瀬,26.24838753,127.67327245
9012123,沖縄県,浦添市,西洲,26.25255174,127.68739124
9012121,沖縄県,浦添市,内間,26.23815353,127.70298379
9012113,沖縄県,浦添市,大平,26.24573404,127.7143147
9012111,沖縄県,浦添市,経塚,26.23881301,127.72219748
9012133,沖縄県,浦添市,城間,26.26024568,127.70854164
9012124,沖縄県,浦添市,小湾,26.24913412,127.69329095
9012122,沖縄県,浦添市,勢理客,26.24351271,127.69345311
9012112,沖縄県,浦添市,沢岻,26.23794279,127.71287207
9012104,沖縄県,浦添市,当山,26.25031228,127.73296132
9012103,沖縄県,浦添市,仲間,26.24860532,127.72908247
9012125,沖縄県,浦添市,仲西,26.24969509,127.69682959
9012101,沖縄県,浦添市,西原,26.25081251,127.74423821
9012102,沖縄県,浦添市,前田,26.24096116,127.73493644
9012131,沖縄県,浦添市,牧港,26.26479691,127.72339856
9012134,沖縄県,浦添市,港川,26.26645641,127.71335801
9012126,沖縄県,浦添市,宮城,26.24646677,127.70531116
9012127,沖縄県,浦添市,屋富祖,26.25451492,127.703959
9050000,沖縄県,名護市,以下に掲載がない場合,26.59154597,127.97731585
9050021,沖縄県,名護市,東江,26.58167955,127.98854144
9050003,沖縄県,名護市,旭川,26.62143693,127.95011069
9052263,沖縄県,名護市,安部,26.54546213,128.08875674
9050001,沖縄県,名護市,安和,26.61479358,127.91694502
9051152,沖縄県,名護市,伊差川,26.60502146,128.00793132
9051142,沖縄県,名護市,稲嶺,26.62697197,128.04686744
9050006,沖縄県,名護市,宇茂佐,26.60811941,127.9650328
9050009,沖縄県,名護市,宇茂佐の森,26.60036792,127.96343033
9051634,沖縄県,名護市,運天原,26.67060427,128.00304299
9052267,沖縄県,名護市,大浦,26.56224343,128.03879336
9052268,沖縄県,名護市,大川,26.57939525,128.04337533
9050019,沖縄県,名護市,大北,26.60308384,127.99118855
9050017,沖縄県,名護市,大中,26.59433849,127.98728412
9050018,沖縄県,名護市,大西,26.59759299,127.9815443
9050016,沖縄県,名護市,大東,26.59175877,127.98944302
9050015,沖縄県,名護市,大南,26.59576571,127.97725958
9051146,沖縄県,名護市,親川,26.60977897,128.0219211
9050002,沖縄県,名護市,勝山,26.62375916,127.93174975
9051633,沖縄県,名護市,我部,26.66090528,128.00044963
9051155,沖縄県,名護市,我部祖河,26.62586958,127.99975484
9052262,沖縄県,名護市,嘉陽,26.55609054,128.11163108
9051145,沖縄県,名護市,川上,26.61799028,128.0250705
9050026,沖縄県,名護市,喜瀬,26.52668767,127.94380501
9050024,沖縄県,名護市,許田,26.54047554,127.98042903
9052173,沖縄県,名護市,久志,26.52273502,127.99739936
9050013,沖縄県,名護市,城,26.58832065,127.98223542
9051141,沖縄県,名護市,源河,26.61469766,128.07723229
9050025,沖縄県,名護市,幸喜,26.532262699999997,127.96021561
9051154,沖縄県,名護市,呉我,26.63388111,127.99852151
9051156,沖縄県,名護市,古我知,26.62831673,127.98439084
9050023,沖縄県,名護市,数久田,26.55646859,127.98903419
9051635,沖縄県,名護市,済井出,26.6696598,128.01924991
9052266,沖縄県,名護市,瀬嵩,26.56812345,128.05666965
9051147,沖縄県,名護市,田井等,26.60066688,128.02634301
9052265,沖縄県,名護市,汀間,26.56772858,128.06646852
9052261,沖縄県,名護市,天仁屋,26.57803623,128.12264897
9052172,沖縄県,名護市,豊原,26.52619831,128.01713201
9051153,沖縄県,名護市,仲尾,26.62655798,128.01290498
9051144,沖縄県,名護市,仲尾次,26.60895989,128.04096639
9050004,沖縄県,名護市,中山,26.62863991,127.96186046
9050012,沖縄県,名護市,名護,26.58504278,128.00700931
9050005,沖縄県,名護市,為又,26.61733414,127.97547682
9052269,沖縄県,名護市,二見,26.55625329,128.02434479
9051151,沖縄県,名護市,振慶名,26.60864559,128.01401368
9052171,沖縄県,名護市,辺野古,26.53469521,128.02776024
9051143,沖縄県,名護市,真喜屋,26.61367967,128.04796954
9050014,沖縄県,名護市,港,26.59045728,127.97774367
9052264,沖縄県,名護市,三原,26.5694363,128.08620609
9050011,沖縄県,名護市,宮里,26.59899938,127.97235556
9051631,沖縄県,名護市,屋我,26.65179589,128.03068085
9050007,沖縄県,名護市,屋部,26.60893392,127.95144482
9050008,沖縄県,名護市,山入端,26.60846762,127.93578982
9050022,沖縄県,名護市,世冨慶,26.56659123,127.99871024
9051632,沖縄県,名護市,饒平名,26.65954471,128.0158147
9010300,沖縄県,糸満市,以下に掲載がない場合,26.12358407,127.66581421
9010301,沖縄県,糸満市,阿波根,26.1527829,127.6809091
9010323,沖縄県,糸満市,新垣,26.11823163,127.70186682
9010363,沖縄県,糸満市,伊敷,26.10777281,127.67681712
9010342,沖縄県,糸満市,糸洲,26.10279931,127.67775105
9010361,沖縄県,糸満市,糸満,26.12876724,127.67160987
9010344,沖縄県,糸満市,伊原,26.09326126,127.68517373
9010332,沖縄県,糸満市,宇江城,26.10467598,127.70886038
9010325,沖縄県,糸満市,大里,26.12987164,127.6956703
9010334,沖縄県,糸満市,大度,26.09639455,127.71035744
9010313,沖縄県,糸満市,賀数,26.15005259,127.69251127
9010303,沖縄県,糸満市,兼城,26.13759567,127.67617246
9010312,沖縄県,糸満市,北波平,26.15774409,127.69505713
9010354,沖縄県,糸満市,喜屋武,26.08840931,127.66570829
9010324,沖縄県,糸満市,国吉,26.11857631,127.68644702
9010341,沖縄県,糸満市,小波蔵,26.10152229,127.66939466
9010335,沖縄県,糸満市,米須,26.09274666,127.69673979
9010314,沖縄県,糸満市,座波,26.14359295,127.6921833
9010364,沖縄県,糸満市,潮崎町,26.12007963,127.66534761
9010302,沖縄県,糸満市,潮平,26.14668904,127.67272865
9010311,沖縄県,糸満市,武富,26.16333687,127.69851262
9010353,沖縄県,糸満市,束里,26.08253799,127.67764447
9010315,沖縄県,糸満市,照屋,26.13145423,127.6813422
9010321,沖縄県,糸満市,豊原,26.14369595,127.70769091
9010351,沖縄県,糸満市,名城,26.10383013,127.66430084
9010304,沖縄県,糸満市,西川町,26.13638269,127.6685171
9010305,沖縄県,糸満市,西崎,26.13912821,127.66651795
9010306,沖縄県,糸満市,西崎町,26.14057265,127.65534452
9010345,沖縄県,糸満市,福地,26.09425686,127.67482835
9010362,沖縄県,糸満市,真栄里,26.11617935,127.67522206
9010331,沖縄県,糸満市,真栄平,26.11250529,127.70815947
9010336,沖縄県,糸満市,真壁,26.10768116,127.69366082
9010333,沖縄県,糸満市,摩文仁,26.09743395,127.72257854
9010343,沖縄県,糸満市,南波平,26.10020648,127.68218879
9010352,沖縄県,糸満市,山城,26.08611766,127.685067
9010322,沖縄県,糸満市,与座,26.13000175,127.70391843
9040000,沖縄県,沖縄市,以下に掲載がない場合,26.33442663,127.80558284
9042152,沖縄県,沖縄市,明道,26.35566883,127.82367438
9040012,沖縄県,沖縄市,安慶田,26.33221808,127.81116767
9042172,沖縄県,沖縄市,泡瀬,26.32191964,127.83764463
9042141,沖縄県,沖縄市,池原,26.387611699999997,127.82642937
9040031,沖縄県,沖縄市,上地,26.33917193,127.79050708
9042163,沖縄県,沖縄市,大里,26.32960548,127.82335482
9042162,沖縄県,沖縄市,海邦,26.32882169,127.83433071
9042162,沖縄県,沖縄市,海邦町,26.32882169,127.83433071
9040005,沖縄県,沖縄市,嘉間良,26.34283082,127.80536288
9040023,沖縄県,沖縄市,久保田,26.32377044,127.79598401
9042145,沖縄県,沖縄市,倉敷,26.39787105,127.7957963
9042161,沖縄県,沖縄市,古謝,26.33823181,127.83325389
9040001,沖縄県,沖縄市,越来,26.34474575,127.81040449
9040021,沖縄県,沖縄市,胡屋,26.32910713,127.80505239
9042144,沖縄県,沖縄市,白川,26.36127776,127.79650809
9040002,沖縄県,沖縄市,城前町,26.340580100000004,127.81313157
9040003,沖縄県,沖縄市,住吉,26.33972009,127.80846972
9040022,沖縄県,沖縄市,園田,26.32799707,127.79788186
9042171,沖縄県,沖縄市,高原,26.32248504,127.82070904
9042143,沖縄県,沖縄市,知花,26.37117625,127.80965302
9040004,沖縄県,沖縄市,中央,26.33918495,127.80038641
9040011,沖縄県,沖縄市,照屋,26.33362885,127.81697029
9042164,沖縄県,沖縄市,桃原,26.33289414,127.82807827
9040014,沖縄県,沖縄市,仲宗根町,26.33433051,127.80414625
9042142,沖縄県,沖縄市,登川,26.37347501,127.81911034
9042154,沖縄県,沖縄市,東,26.34128814,127.819305
9042173,沖縄県,沖縄市,比屋根,26.3152089,127.82305007
9042151,沖縄県,沖縄市,松本,26.35433879,127.81265911
9042153,沖縄県,沖縄市,美里,26.34808163,127.81580623
9042156,沖縄県,沖縄市,美里仲原町,26.34662385,127.82706544
9040035,沖縄県,沖縄市,南桃原,26.324343100000004,127.78117705
9042155,沖縄県,沖縄市,美原,26.34791952,127.8204109
9042165,沖縄県,沖縄市,宮里,26.33850954,127.82111381
9040013,沖縄県,沖縄市,室川,26.33430858,127.80726992
9040032,沖縄県,沖縄市,諸見里,26.33330743,127.7880513
9040006,沖縄県,沖縄市,八重島,26.34737035,127.80368291
9040034,沖縄県,沖縄市,山内,26.3316063,127.78062294
9040033,沖縄県,沖縄市,山里,26.32126753,127.79014761
9042174,沖縄県,沖縄市,与儀,26.31187404,127.8145239
9010200,沖縄県,豊見城市,以下に掲載がない場合,26.16100639,127.66894378
9010232,沖縄県,豊見城市,伊良波,26.1718017,127.66727394
9010243,沖縄県,豊見城市,上田,26.17308145,127.67936993
9010223,沖縄県,豊見城市,翁長,26.15816821,127.6720305
9010202,沖縄県,豊見城市,嘉数,26.18816509,127.70040181
9010231,沖縄県,豊見城市,我那覇,26.17952004,127.67045452
9010204,沖縄県,豊見城市,金良,26.17780634,127.7081457
9010244,沖縄県,豊見城市,宜保,26.17851676,127.67781744
9010221,沖縄県,豊見城市,座安,26.16734122,127.66985025
9010233,沖縄県,豊見城市,瀬長,26.17746582,127.64991185
9010212,沖縄県,豊見城市,平良,26.17131631,127.69388903
9010213,沖縄県,豊見城市,高嶺,26.16753846,127.69778257
9010242,沖縄県,豊見城市,高安,26.18081088,127.6882398
9010234,沖縄県,豊見城市,田頭,26.17729151,127.66037367
9010215,沖縄県,豊見城市,渡嘉敷,26.1698301,127.68160209
9010222,沖縄県,豊見城市,渡橋名,26.16628374,127.67551325
9010241,沖縄県,豊見城市,豊見城,26.18631585,127.67973249
9010225,沖縄県,豊見城市,豊崎,26.15638571,127.66078076
9010235,沖縄県,豊見城市,名嘉地,26.17772688,127.66574769
9010203,沖縄県,豊見城市,長堂,26.1844326,127.70679835
9010205,沖縄県,豊見城市,根差部,26.18700821,127.6930587
9010211,沖縄県,豊見城市,饒波,26.17629762,127.69723621
9010214,沖縄県,豊見城市,保栄茂,26.16171754,127.68327123
9010201,沖縄県,豊見城市,真玉橋,26.19289936,127.69383582
9010224,沖縄県,豊見城市,与根,26.16720947,127.65739831
9042200,沖縄県,うるま市,以下に掲載がない場合,26.37915095,127.85747181
9042212,沖縄県,うるま市,赤野,26.37316094,127.86752873
9042245,沖縄県,うるま市,赤道,26.35853582,127.82872578
9042214,沖縄県,うるま市,安慶名,26.37465459,127.85152526
9041106,沖縄県,うるま市,石川,26.43440235,127.82568442
9041103,沖縄県,うるま市,石川赤崎,26.43153794,127.8376286
9041102,沖縄県,うるま市,石川東山,26.43737247,127.8380153
9041101,沖縄県,うるま市,石川東山本町,26.43608932,127.83272377
9041107,沖縄県,うるま市,石川曙,26.41816764,127.82649323
9041104,沖縄県,うるま市,石川石崎,26.42797909,127.82920444
9041115,沖縄県,うるま市,石川伊波,26.42544376,127.81117299
9041114,沖縄県,うるま市,石川嘉手苅,26.42204275,127.80487972
9041105,沖縄県,うるま市,石川白浜,26.42710492,127.82778269
9041112,沖縄県,うるま市,石川楚南,26.40058893,127.81189699
9041111,沖縄県,うるま市,石川東恩納,26.40787976,127.83063526
9041108,沖縄県,うるま市,石川東恩納崎,26.41658721,127.83785127
9041113,沖縄県,うるま市,石川山城,26.41152563,127.80466018
9042204,沖縄県,うるま市,西原,26.37543827,127.84411894
9042222,沖縄県,うるま市,上江洲,26.35835139,127.85866392
9042211,沖縄県,うるま市,宇堅,26.38132133,127.87159734
9042244,沖縄県,うるま市,江洲,26.347283899999997,127.83485484
9042205,沖縄県,うるま市,栄野比,26.39262734,127.82995084
9042224,沖縄県,うるま市,大田,26.35351285,127.86489718
9042313,沖縄県,うるま市,勝連内間,26.31436982,127.90091507
9042311,沖縄県,うるま市,勝連南風原,26.33306224,127.87573701
9042315,沖縄県,うるま市,勝連浜,26.32092605,127.95377568
9042316,沖縄県,うるま市,勝連比嘉,26.31654882,127.95799757
9042314,沖縄県,うるま市,勝連平敷屋,26.30275244,127.91119547
9042312,沖縄県,うるま市,勝連平安名,26.31691234,127.89301379
9042241,沖縄県,うるま市,兼箇段,26.3701706,127.83797775
9042203,沖縄県,うるま市,川崎,26.383673499999997,127.84257588
9042232,沖縄県,うるま市,川田,26.34641281,127.86544523
9042236,沖縄県,うるま市,喜仲,26.3561563,127.84388864
9042225,沖縄県,うるま市,喜屋武,26.35889798,127.84710405
9042223,沖縄県,うるま市,具志川,26.35507706,127.87063465
9042201,沖縄県,うるま市,昆布,26.3960812,127.84401261
9042231,沖縄県,うるま市,塩屋,26.34767533,127.8594998
9042234,沖縄県,うるま市,州崎,26.33464369,127.85214292
9042221,沖縄県,うるま市,平良川,26.36808411,127.84964059
9042242,沖縄県,うるま市,高江洲,26.35288939,127.84226468
9042213,沖縄県,うるま市,田場,26.36842437,127.86231541
9042202,沖縄県,うるま市,天願,26.38972506,127.85676055
9042233,沖縄県,うるま市,豊原,26.34723818,127.85126486
9042226,沖縄県,うるま市,仲嶺,26.35754708,127.85043482
9042235,沖縄県,うるま市,前原,26.34087789,127.8452565
9042215,沖縄県,うるま市,みどり町,26.37836515,127.85829565
9042243,沖縄県,うるま市,宮里,26.35192938,127.83666641
9042303,沖縄県,うるま市,与那城,26.3300761,127.89518308
9042306,沖縄県,うるま市,与那城安勢理,26.31600484,127.90592414
9042421,沖縄県,うるま市,与那城伊計,26.39146999,127.99638815
9042422,沖縄県,うるま市,与那城池味,26.37852319,127.98646658
9042424,沖縄県,うるま市,与那城上原,26.36886673,127.97849835
9042305,沖縄県,うるま市,与那城中央,26.32919654,127.90586521
9042301,沖縄県,うるま市,与那城照間,26.34047089,127.88609797
9042425,沖縄県,うるま市,与那城桃原,26.35923485,127.97629395
9042302,沖縄県,うるま市,与那城西原,26.3304658,127.88702773
9042307,沖縄県,うるま市,与那城饒辺,26.3145843,127.91242498
9042428,沖縄県,うるま市,与那城平宮,26.353603999999997,127.96313945
9042426,沖縄県,うるま市,与那城平安座,26.35040297,127.9540841
9042423,沖縄県,うるま市,与那城宮城,26.36710333,127.99033356
9042304,沖縄県,うるま市,与那城屋慶名,26.32410815,127.90609122
9042427,沖縄県,うるま市,与那城屋平,26.3363662,127.94038638
9060000,沖縄県,宮古島市,以下に掲載がない場合,24.80548914,125.28114812
9011400,沖縄県,南城市,以下に掲載がない場合,26.14445142,127.76696623
9011204,沖縄県,南城市,大里稲嶺,26.16205715,127.74051904
9011202,沖縄県,南城市,大里大里,26.1852361,127.75540341
9011203,沖縄県,南城市,大里大城,26.16876264,127.75733609
9011205,沖縄県,南城市,大里高平,26.17542596,127.73940152
9011206,沖縄県,南城市,大里仲間,26.1778016,127.74332302
9011207,沖縄県,南城市,大里古堅,26.19095147,127.74560004
9011201,沖縄県,南城市,大里嶺井,26.19342338,127.75382309
9011401,沖縄県,南城市,佐敷伊原,26.1763483,127.80975067
9011413,沖縄県,南城市,佐敷小谷,26.17527534,127.76564116
9011411,沖縄県,南城市,佐敷兼久,26.1685453,127.78255199
9011403,沖縄県,南城市,佐敷佐敷,26.16508302,127.79111258
9011415,沖縄県,南城市,佐敷新開,26.17633555,127.77672909
9011412,沖縄県,南城市,佐敷新里,26.16792811,127.77323086
9011414,沖縄県,南城市,佐敷津波古,26.18178599,127.7708154
9011402,沖縄県,南城市,佐敷手登根,26.16770815,127.80367239
9011405,沖縄県,南城市,佐敷仲伊保,26.1821935,127.79639641
9011404,沖縄県,南城市,佐敷冨祖崎,26.17474223,127.79370395
9011406,沖縄県,南城市,佐敷屋比久,26.17735501,127.8021421
9010617,沖縄県,南城市,玉城愛地,26.15757343,127.74641864
9010606,沖縄県,南城市,玉城糸数,26.15566318,127.76599591
9010614,沖縄県,南城市,玉城奥武,26.13654745,127.75620037
9010608,沖縄県,南城市,玉城親慶原,26.15890904,127.77935078
9010601,沖縄県,南城市,玉城垣花,26.1524593,127.79481587
9010607,沖縄県,南城市,玉城喜良原,26.156691100000003,127.77417238
9010613,沖縄県,南城市,玉城志堅原,26.1320132,127.76741877
9010604,沖縄県,南城市,玉城玉城,26.14305369,127.78246611
9010612,沖縄県,南城市,玉城當山,26.14019139,127.76193288
9010605,沖縄県,南城市,玉城中山,26.14277964,127.77657659
9010602,沖縄県,南城市,玉城仲村渠,26.14873433,127.78537958
9010603,沖縄県,南城市,玉城百名,26.13863941,127.79137352
9010611,沖縄県,南城市,玉城富里,26.14371017,127.76983512
9010618,沖縄県,南城市,玉城船越,26.15458879,127.75240432
9010615,沖縄県,南城市,玉城堀川,26.13183209,127.76013628
9010616,沖縄県,南城市,玉城前川,26.14709044,127.74843072
9010619,沖縄県,南城市,玉城屋嘉部,26.14747782,127.7661323
9011502,沖縄県,南城市,知念安座真,26.17722977,127.82301346
9011504,沖縄県,南城市,知念海野,26.18762727,127.81094399
9011514,沖縄県,南城市,知念具志堅,26.15872411,127.80769543
9011501,沖縄県,南城市,知念久高,26.16192878,127.89688324
9011511,沖縄県,南城市,知念久手堅,26.16964137,127.822908
9011505,沖縄県,南城市,知念久原,26.18511734,127.80491955
9011516,沖縄県,南城市,知念志喜屋,26.15354219,127.80052318
9011503,沖縄県,南城市,知念知名,26.18435774,127.81569184
9011513,沖縄県,南城市,知念知念,26.162174800000003,127.81463396
9011515,沖縄県,南城市,知念山里,26.15655418,127.80293288
9011512,沖縄県,南城市,知念吉富,26.16862432,127.81827421
9011407,沖縄県,南城市,つきしろ,26.16066424,127.79210859
9051400,沖縄県,国頭郡国頭村,以下に掲載がない場合,26.74563475,128.17790693
9051503,沖縄県,国頭郡国頭村,安田,26.7501609,128.29478166
9051504,沖縄県,国頭郡国頭村,安波,26.71554928,128.27039977
9051428,沖縄県,国頭郡国頭村,伊地,26.74171594,128.21566019
9051423,沖縄県,国頭郡国頭村,宇嘉,26.81995528,128.25372641
9051429,沖縄県,国頭郡国頭村,宇良,26.743351300000004,128.20105938
9051501,沖縄県,国頭郡国頭村,奥,26.82865335,128.28727773
9051412,沖縄県,国頭郡国頭村,奥間,26.72173542,128.19857265
9051416,沖縄県,国頭郡国頭村,鏡地,26.73220642,128.16244259
9051422,沖縄県,国頭郡国頭村,宜名真,26.84428301,128.25733332
9051425,沖縄県,国頭郡国頭村,佐手,26.77831885,128.24149678
9051426,沖縄県,国頭郡国頭村,謝敷,26.76725265,128.2304569
9051502,沖縄県,国頭郡国頭村,楚洲,26.79979823,128.30163542
9051417,沖縄県,国頭郡国頭村,桃原,26.74211735,128.15943748
9051415,沖縄県,国頭郡国頭村,浜,26.7076564,128.18182499
9051414,沖縄県,国頭郡国頭村,半地,26.72428342,128.1667656
9051413,沖縄県,国頭郡国頭村,比地,26.71391915,128.19603131
9051421,沖縄県,国頭郡国頭村,辺戸,26.85831951,128.26465422
9051424,沖縄県,国頭郡国頭村,辺野喜,26.7878487,128.25796133
9051411,沖縄県,国頭郡国頭村,辺土名,26.73287347,128.20361276
9051427,沖縄県,国頭郡国頭村,与那,26.75428379,128.22364898
9051300,沖縄県,国頭郡大宜味村,以下に掲載がない場合,26.70170669,128.12016362
9051308,沖縄県,国頭郡大宜味村,上原,26.68432879,128.11382745
9051317,沖縄県,国頭郡大宜味村,江洲,26.64256105,128.11446616
9051305,沖縄県,国頭郡大宜味村,大兼久,26.69416007,128.12684124
9051306,沖縄県,国頭郡大宜味村,大宜味,26.68084785,128.14494438
9051313,沖縄県,国頭郡大宜味村,押川,26.66490071,128.14600492
9051303,沖縄県,国頭郡大宜味村,喜如嘉,26.69104142,128.15958081
9051311,沖縄県,国頭郡大宜味村,塩屋,26.67608045,128.1134596
9051302,沖縄県,国頭郡大宜味村,謝名城,26.69393045,128.17014285
9051316,沖縄県,国頭郡大宜味村,白浜,26.64890838,128.11516213
9051315,沖縄県,国頭郡大宜味村,大保,26.64929367,128.12578047
9051301,沖縄県,国頭郡大宜味村,田嘉里,26.69720342,128.17655491
9051314,沖縄県,国頭郡大宜味村,田港,26.65709135,128.13881063
9051318,沖縄県,国頭郡大宜味村,津波,26.63952183,128.09671644
9051304,沖縄県,国頭郡大宜味村,饒波,26.68430998,128.15282364
9051307,沖縄県,国頭郡大宜味村,根路銘,26.67649562,128.14788434
9051319,沖縄県,国頭郡大宜味村,宮城,26.66727025,128.10164648
9051312,沖縄県,国頭郡大宜味村,屋古,26.6729059,128.11718645
9051200,沖縄県,国頭郡東村,以下に掲載がない場合,26.63330927,128.15691123
9051206,沖縄県,国頭郡東村,有銘,26.60599029,128.11228962
9051203,沖縄県,国頭郡東村,川田,26.65736385,128.1818845
9051205,沖縄県,国頭郡東村,慶佐次,26.61933866,128.13133357
9051204,沖縄県,国頭郡東村,平良,26.63314214,128.15195785
9051201,沖縄県,国頭郡東村,高江,26.67144994,128.23271336
9051202,沖縄県,国頭郡東村,宮城,26.65409797,128.20900143
9050400,沖縄県,国頭郡今帰仁村,以下に掲載がない場合,26.68257677,127.97262704
9050411,沖縄県,国頭郡今帰仁村,天底,26.67229247,127.98363051
9050428,沖縄県,国頭郡今帰仁村,今泊,26.68757552,127.9281252
9050403,沖縄県,国頭郡今帰仁村,運天,26.68587633,127.99886963
9050427,沖縄県,国頭郡今帰仁村,兼次,26.68433129,127.9371565
9050404,沖縄県,国頭郡今帰仁村,上運天,26.67916307,127.99409243
9050406,沖縄県,国頭郡今帰仁村,古宇利,26.70475622,128.01812715
9050421,沖縄県,国頭郡今帰仁村,越地,26.69106786,127.9692169
9050413,沖縄県,国頭郡今帰仁村,呉我山,26.65160715,127.96757139
9050422,沖縄県,国頭郡今帰仁村,崎山,26.68765069,127.95336325
9050414,沖縄県,国頭郡今帰仁村,謝名,26.67700561,127.96470986
9050426,沖縄県,国頭郡今帰仁村,諸志,26.68868398,127.94186908
9050405,沖縄県,国頭郡今帰仁村,勢理客,26.67841492,127.98555311
9050415,沖縄県,国頭郡今帰仁村,玉城,26.6709104,127.97020859
9050402,沖縄県,国頭郡今帰仁村,渡喜仁,26.68876261,127.98543772
9050424,沖縄県,国頭郡今帰仁村,仲尾次,26.68736562,127.95096235
9050401,沖縄県,国頭郡今帰仁村,仲宗根,26.68870449,127.97564434
9050423,沖縄県,国頭郡今帰仁村,平敷,26.6897157,127.96027262
9050425,沖縄県,国頭郡今帰仁村,与那嶺,26.68990327,127.94766748
9050412,沖縄県,国頭郡今帰仁村,湧川,26.65317144,127.98162434
9050200,沖縄県,国頭郡本部町,以下に掲載がない場合,26.65807896,127.89818898
9050206,沖縄県,国頭郡本部町,石川,26.6920889,127.88213632
9050221,沖縄県,国頭郡本部町,伊豆味,26.65100004,127.94388424
9050228,沖縄県,国頭郡本部町,伊野波,26.66386876,127.91903948
9050229,沖縄県,国頭郡本部町,大堂,26.67873403,127.91791018
9050217,沖縄県,国頭郡本部町,浦崎,26.6776872,127.89416239
9050223,沖縄県,国頭郡本部町,大嘉陽,26.64493039,127.91460763
9050212,沖縄県,国頭郡本部町,大浜,26.65436341,127.88514343
9050202,沖縄県,国頭郡本部町,嘉津宇,26.68506489,127.91001879
9050209,沖縄県,国頭郡本部町,北里,26.69101471,127.89805185
9050201,沖縄県,国頭郡本部町,具志堅,26.69406615,127.91098351
9050226,沖縄県,国頭郡本部町,健堅,26.64448264,127.89023124
9050225,沖縄県,国頭郡本部町,崎本部,26.62464305,127.89463334
9050203,沖縄県,国頭郡本部町,謝花,26.68314365,127.89870191
9050208,沖縄県,国頭郡本部町,新里,26.69978869,127.89632074
9050227,沖縄県,国頭郡本部町,瀬底,26.64143719,127.86458518
9050213,沖縄県,国頭郡本部町,谷茶,26.65684937,127.88911999
9050214,沖縄県,国頭郡本部町,渡久地,26.66224401,127.89536441
9050204,沖縄県,国頭郡本部町,豊原,26.68573892,127.89157944
9050222,沖縄県,国頭郡本部町,並里,26.65430882,127.92404743
9050215,沖縄県,国頭郡本部町,野原,26.66741134,127.89830109
9050216,沖縄県,国頭郡本部町,浜元,26.67244844,127.88984672
9050211,沖縄県,国頭郡本部町,東,26.65734667,127.90123825
9050207,沖縄県,国頭郡本部町,備瀬,26.70165797,127.88360096
9050218,沖縄県,国頭郡本部町,古島,26.67841535,127.90416948
9050224,沖縄県,国頭郡本部町,辺名地,26.64210649,127.9056033
9050205,沖縄県,国頭郡本部町,山川,26.68436982,127.88092035
9050219,沖縄県,国頭郡本部町,山里,26.66955884,127.91089608
9040400,沖縄県,国頭郡恩納村,以下に掲載がない場合,26.49749879,127.85355703
9040402,沖縄県,国頭郡恩納村,安富祖,26.49753043,127.89443259
9040411,沖縄県,国頭郡恩納村,恩納,26.48436497,127.85294265
9040403,沖縄県,国頭郡恩納村,喜瀬武原,26.49201734,127.91026252
9040404,沖縄県,国頭郡恩納村,瀬良垣,26.49612209,127.86952201
9040412,沖縄県,国頭郡恩納村,谷茶,26.46401494,127.82945802
9040415,沖縄県,国頭郡恩納村,仲泊,26.43434459,127.80121226
9040401,沖縄県,国頭郡恩納村,名嘉真,26.51527346,127.92611689
9040413,沖縄県,国頭郡恩納村,冨着,26.4542316,127.82004296
9040414,沖縄県,国頭郡恩納村,前兼久,26.44723264,127.80880913
9040417,沖縄県,国頭郡恩納村,真栄田,26.43074909,127.75805274
9040416,沖縄県,国頭郡恩納村,山田,26.42866345,127.78142506
9041300,沖縄県,国頭郡宜野座村,以下に掲載がない場合,26.48165855,127.97558867
9041304,沖縄県,国頭郡宜野座村,漢那,26.48731172,127.94762826
9041302,沖縄県,国頭郡宜野座村,宜野座,26.49809329,127.97488261
9041303,沖縄県,国頭郡宜野座村,惣慶,26.49072063,127.96205593
9041301,沖縄県,国頭郡宜野座村,松田,26.50495112,127.98567543
9041200,沖縄県,国頭郡金武町,以下に掲載がない場合,26.456126300000005,127.92593619
9041202,沖縄県,国頭郡金武町,伊芸,26.46527629,127.88257725
9041201,沖縄県,国頭郡金武町,金武,26.46988352,127.92004072
9041203,沖縄県,国頭郡金武町,屋嘉,26.45384758,127.85148175
9050500,沖縄県,国頭郡伊江村,以下に掲載がない場合,26.71348217,127.80706983
9040300,沖縄県,中頭郡読谷村,以下に掲載がない場合,26.39605523,127.74427711
9040303,沖縄県,中頭郡読谷村,伊良皆,26.3873132,127.75440837
9040321,沖縄県,中頭郡読谷村,上地,26.40470504,127.73639601
9040328,沖縄県,中頭郡読谷村,宇座,26.4327352,127.71980563
9040316,沖縄県,中頭郡読谷村,大木,26.38257549,127.74647207
9040313,沖縄県,中頭郡読谷村,大湾,26.37421768,127.75766153
9040302,沖縄県,中頭郡読谷村,喜名,26.40057207,127.76483721
9040327,沖縄県,中頭郡読谷村,儀間,26.41738771,127.71924695
9040301,沖縄県,中頭郡読谷村,座喜味,26.40299237,127.74402859
9040325,沖縄県,中頭郡読谷村,瀬名波,26.42582495,127.72963196
9040304,沖縄県,中頭郡読谷村,楚辺,26.38228327,127.73512292
9040323,沖縄県,中頭郡読谷村,高志保,26.4095555,127.72737156
9040315,沖縄県,中頭郡読谷村,渡具知,26.36813562,127.73892504
9040326,沖縄県,中頭郡読谷村,渡慶次,26.41952955,127.72596335
9040305,沖縄県,中頭郡読谷村,都屋,26.39107112,127.72545929
9040324,沖縄県,中頭郡読谷村,長浜,26.41643419,127.74731087
9040322,沖縄県,中頭郡読谷村,波平,26.4008544,127.72596394
9040311,沖縄県,中頭郡読谷村,比謝,26.37885111,127.75732143
9040312,沖縄県,中頭郡読谷村,比謝矼,26.37001805,127.75595986
9040314,沖縄県,中頭郡読谷村,古堅,26.367715899999997,127.74869042
9040200,沖縄県,中頭郡嘉手納町,以下に掲載がない場合,26.36166156,127.75532179
9040203,沖縄県,中頭郡嘉手納町,嘉手納,26.36340559,127.75552284
9040205,沖縄県,中頭郡嘉手納町,兼久,26.35353327,127.74459497
9040201,沖縄県,中頭郡嘉手納町,久得,26.38869745,127.7784586
9040204,沖縄県,中頭郡嘉手納町,水釜,26.35914892,127.74805146
9040202,沖縄県,中頭郡嘉手納町,屋良,26.3631498,127.76675118
9040100,沖縄県,中頭郡北谷町,以下に掲載がない場合,26.32011863,127.76377506
9040102,沖縄県,中頭郡北谷町,伊平,26.3258132,127.75976959
9040107,沖縄県,中頭郡北谷町,大村,26.30741126,127.77017155
9040101,沖縄県,中頭郡北谷町,上勢頭,26.33256483,127.76974162
9040117,沖縄県,中頭郡北谷町,北前,26.29912082,127.76822019
9040103,沖縄県,中頭郡北谷町,桑江,26.319649,127.76861612
9040111,沖縄県,中頭郡北谷町,砂辺,26.33670111,127.74999186
9040106,沖縄県,中頭郡北谷町,玉上,26.313226899999997,127.77941869
9040116,沖縄県,中頭郡北谷町,北谷,26.30384736,127.76608624
9040104,沖縄県,中頭郡北谷町,桃原,26.3204412,127.77871146
9040112,沖縄県,中頭郡北谷町,浜川,26.33350231,127.75347588
9040114,沖縄県,中頭郡北谷町,港,26.32260747,127.75200928
9040115,沖縄県,中頭郡北谷町,美浜,26.31725594,127.75829401
9040113,沖縄県,中頭郡北谷町,宮城,26.32828574,127.74822234
9040105,沖縄県,中頭郡北谷町,吉原,26.31843125,127.77368391
9012300,沖縄県,中頭郡北中城村,以下に掲載がない場合,26.30111011,127.79314858
9012316,沖縄県,中頭郡北中城村,安谷屋,26.29511486,127.78791376
9012313,沖縄県,中頭郡北中城村,熱田,26.29203675,127.80633119
9012314,沖縄県,中頭郡北中城村,大城,26.29011365,127.80074898
9012315,沖縄県,中頭郡北中城村,荻道,26.29282715,127.79484518
9012311,沖縄県,中頭郡北中城村,喜舎場,26.30317115,127.7906101
9012301,沖縄県,中頭郡北中城村,島袋,26.32002902,127.80073294
9012317,沖縄県,中頭郡北中城村,瑞慶覧,26.30585762,127.78126885
9012303,沖縄県,中頭郡北中城村,仲順,26.30461439,127.79939543
9012302,沖縄県,中頭郡北中城村,渡口,26.30740725,127.80487187
9012305,沖縄県,中頭郡北中城村,比嘉,26.31404453,127.79746228
9012321,沖縄県,中頭郡北中城村,美崎,26.30569667,127.82103438
9012304,沖縄県,中頭郡北中城村,屋宜原,26.31242523,127.78858492
9012312,沖縄県,中頭郡北中城村,和仁屋,26.29913307,127.80722584
9012400,沖縄県,中頭郡中城村,以下に掲載がない場合,26.267379499999997,127.79112534
9012407,沖縄県,中頭郡中城村,安里,26.25997176,127.78793036
9012422,沖縄県,中頭郡中城村,新垣,26.27432645,127.78400196
9012403,沖縄県,中頭郡中城村,伊舎堂,26.27686181,127.8012214
9012417,沖縄県,中頭郡中城村,伊集,26.24057028,127.7723755
9012412,沖縄県,中頭郡中城村,奥間,26.25675185,127.78212401
9012423,沖縄県,中頭郡中城村,北上原,26.26718684,127.77771395
9012414,沖縄県,中頭郡中城村,北浜,26.240830699999997,127.78578749
9012401,沖縄県,中頭郡中城村,久場,26.28424946,127.8109111
9012404,沖縄県,中頭郡中城村,添石,26.2739689,127.79893064
9012413,沖縄県,中頭郡中城村,津覇,26.24763182,127.78231828
9012406,沖縄県,中頭郡中城村,当間,26.263968699999996,127.79074383
9012402,沖縄県,中頭郡中城村,泊,26.27831688,127.80742276
9012421,沖縄県,中頭郡中城村,登又,26.28228291,127.79084709
9012411,沖縄県,中頭郡中城村,浜,26.25372653,127.7906273
9012424,沖縄県,中頭郡中城村,南上原,26.251137,127.77118409
9012415,沖縄県,中頭郡中城村,南浜,26.23481128,127.78586665
9012405,沖縄県,中頭郡中城村,屋宜,26.27039105,127.79425232
9012416,沖縄県,中頭郡中城村,和宇慶,26.24017742,127.77856001
9030100,沖縄県,中頭郡西原町,以下に掲載がない場合,26.22607995,127.76539302
9030105,沖縄県,中頭郡西原町,東崎,26.21757456,127.77582513
9030113,沖縄県,中頭郡西原町,安室,26.21981679,127.75210175
9030115,沖縄県,中頭郡西原町,池田,26.21950843,127.74231245
9030125,沖縄県,中頭郡西原町,上原,26.24170879,127.76196626
9030121,沖縄県,中頭郡西原町,内間,26.2331809,127.76750426
9030117,沖縄県,中頭郡西原町,翁長,26.23383039,127.75147123
9030103,沖縄県,中頭郡西原町,小那覇,26.22756255,127.77782451
9030101,沖縄県,中頭郡西原町,掛保久,26.23234802,127.77231673
9030112,沖縄県,中頭郡西原町,我謝,26.21525522,127.75807076
9030102,沖縄県,中頭郡西原町,嘉手苅,26.22571941,127.76653655
9030104,沖縄県,中頭郡西原町,兼久,26.21691531,127.76767997
9030116,沖縄県,中頭郡西原町,幸地,26.23186721,127.74176901
9030122,沖縄県,中頭郡西原町,小橋川,26.23164372,127.76267859
9030118,沖縄県,中頭郡西原町,小波津,26.22461532,127.7555324
9030124,沖縄県,中頭郡西原町,呉屋,26.23130471,127.75756587
9030129,沖縄県,中頭郡西原町,千原,26.25083794,127.76354469
9030126,沖縄県,中頭郡西原町,棚原,26.24445438,127.75195192
9030123,沖縄県,中頭郡西原町,津花波,26.22994883,127.76057881
9030114,沖縄県,中頭郡西原町,桃原,26.21660093,127.74939212
9030127,沖縄県,中頭郡西原町,徳佐田,26.24383013,127.74714431
9030128,沖縄県,中頭郡西原町,森川,26.24910292,127.75519961
9030111,沖縄県,中頭郡西原町,与那城,26.21958398,127.76126721
9011300,沖縄県,島尻郡与那原町,以下に掲載がない場合,26.1995767,127.75476736
9011304,沖縄県,島尻郡与那原町,東浜,26.20833509,127.76108479
9011301,沖縄県,島尻郡与那原町,板良敷,26.19355483,127.76929493
9011302,沖縄県,島尻郡与那原町,上与那原,26.19905467,127.75106299
9011303,沖縄県,島尻郡与那原町,与那原,26.20460726,127.75309171
9011100,沖縄県,島尻郡南風原町,以下に掲載がない場合,26.19111867,127.72855085
9011105,沖縄県,島尻郡南風原町,新川,26.2086481,127.72598564
9011101,沖縄県,島尻郡南風原町,大名,26.20875329,127.73457574
9011111,沖縄県,島尻郡南風原町,兼城,26.19585652,127.72484367
9011114,沖縄県,島尻郡南風原町,神里,26.17388879,127.72916155
9011113,沖縄県,島尻郡南風原町,喜屋武,26.18428782,127.73206765
9011117,沖縄県,島尻郡南風原町,津嘉山,26.18749233,127.71569825
9011116,沖縄県,島尻郡南風原町,照屋,26.18536264,127.72676612
9011102,沖縄県,島尻郡南風原町,宮城,26.2096994,127.73960527
9011104,沖縄県,島尻郡南風原町,宮平,26.19727262,127.73446155
9011112,沖縄県,島尻郡南風原町,本部,26.19084613,127.72389303
9011115,沖縄県,島尻郡南風原町,山川,26.17942732,127.7239238
9011103,沖縄県,島尻郡南風原町,与那覇,26.20106239,127.74293055
9013500,沖縄県,島尻郡渡嘉敷村,以下に掲載がない場合,26.19734325,127.36428535
9013400,沖縄県,島尻郡座間味村,以下に掲載がない場合,26.22889122,127.30315623
9013700,沖縄県,島尻郡粟国村,以下に掲載がない場合,26.58236942,127.22718674
9013800,沖縄県,島尻郡南大東村,以下に掲載がない場合,25.82868314,131.2320156
9013900,沖縄県,島尻郡北大東村,以下に掲載がない場合,25.94594989,131.29899391
9050700,沖縄県,島尻郡伊平屋村,以下に掲載がない場合,27.03905454,127.9686659
9050600,沖縄県,島尻郡伊是名村,以下に掲載がない場合,26.92836285,127.94120885
9013100,沖縄県,島尻郡久米島町,以下に掲載がない場合,26.3406708,126.80502391
9010400,沖縄県,島尻郡八重瀬町,以下に掲載がない場合,26.12174439,127.74253004
9010514,沖縄県,島尻郡八重瀬町,安里,26.11223391,127.73568279
9010503,沖縄県,島尻郡八重瀬町,新城,26.13747999,127.74237763
9010405,沖縄県,島尻郡八重瀬町,伊覇,26.15972103,127.72112504
9010412,沖縄県,島尻郡八重瀬町,上田原,26.16019207,127.71424192
9010502,沖縄県,島尻郡八重瀬町,大頓,26.12883242,127.73409355
9010416,沖縄県,島尻郡八重瀬町,宜次,26.17226388,127.71156283
9010512,沖縄県,島尻郡八重瀬町,具志頭,26.12535036,127.74792139
9010415,沖縄県,島尻郡八重瀬町,小城,26.15794412,127.70374619
9010504,沖縄県,島尻郡八重瀬町,後原,26.14634832,127.73553192
9010401,沖縄県,島尻郡八重瀬町,東風平,26.15166054,127.72132523
9010413,沖縄県,島尻郡八重瀬町,志多伯,26.15195844,127.70934955
9010404,沖縄県,島尻郡八重瀬町,高良,26.13133085,127.70982394
9010414,沖縄県,島尻郡八重瀬町,当銘,26.14913277,127.70143853
9010411,沖縄県,島尻郡八重瀬町,友寄,26.16925825,127.7166163
9010402,沖縄県,島尻郡八重瀬町,富盛,26.13232908,127.72525925
9010516,沖縄県,島尻郡八重瀬町,仲座,26.11208151,127.7231339
9010501,沖縄県,島尻郡八重瀬町,長毛,26.13034709,127.75613476
9010513,沖縄県,島尻郡八重瀬町,玻名城,26.11798751,127.73615758
9010417,沖縄県,島尻郡八重瀬町,外間,26.17774835,127.71455106
9010511,沖縄県,島尻郡八重瀬町,港川,26.12629063,127.75840659
9010406,沖縄県,島尻郡八重瀬町,屋宜原,26.16262385,127.72700151
9010515,沖縄県,島尻郡八重瀬町,与座,26.10683827,127.72868776
9010403,沖縄県,島尻郡八重瀬町,世名城,26.13254895,127.71841803
9060600,沖縄県,宮古郡多良間村,以下に掲載がない場合,24.66939635,124.7016688
9070000,沖縄県,八重山郡竹富町,以下に掲載がない場合,24.34066012,124.15558068
9071800,沖縄県,八重山郡与那国町,以下に掲載がない場合,24.46796873,123.0044546
