,prod,node,lead_time,lead_time_std,demand,demand_std,safety
0,F,Plnt_Odawara,29.0,0.0,32.490334032552724,23.225130143856006,985.0412012526425
1,F,DC_福岡市,5.0,0.0,32.23287671232877,4.985404376590961,40.45879393370385
2,F,DC_宮崎市,5.0,0.0,19.643835616438356,4.0183285096442685,26.2740776573514
3,F,Plnt_Chiba,26.0,0.0,27.265830351008915,18.293513777321696,744.8963966528494
4,F,DC_盛岡市,4.0,0.0,10.301369863013699,2.9371782884285222,15.14771403892076
5,F,DC_高松市,4.0,0.0,32.30684931506849,4.819476542306398,40.258985609874046
6,F,DC_大津市,4.0,0.0,76.58082191780822,7.475522458593115,88.91543397448686
7,F,DC_さいたま市,4.0,0.0,20.832876712328765,3.7322183590421822,26.991037004748364
8,F,DC_熊本市,5.0,0.0,7.479452054794521,2.6566275236241825,11.86288746877442
9,F,DC_札幌市,5.0,0.0,1.4246575342465753,1.60395389294805,4.071181457610857
10,F,DC_山形市,4.0,0.0,8.558904109589042,2.6113382655597994,12.867612247762711
11,F,DC_岐阜市,4.0,0.0,41.81917808219178,5.589774056739771,51.0423052758124
12,F,Cust_札幌市,4.0,0.0,1.1397260273972603,1.434619974962904,3.5068489860860517
13,F,Cust_青森市,4.0,0.0,4.405479452054794,2.1311085015469247,7.92180847960722
14,F,Cust_盛岡市,3.0,0.0,2.654794520547945,1.7358061716457482,5.51887470376343
15,F,Cust_仙台市,4.0,0.0,3.8794520547945206,2.025164595454455,7.220973637294371
16,F,Cust_秋田市,4.0,0.0,2.356164383561644,1.7601351422115963,5.260387368210777
17,F,Cust_山形市,4.0,0.0,0.9424657534246575,1.4396913178930526,3.3179564279481943
18,F,Cust_福島市,4.0,0.0,2.0383561643835617,1.7115269657395977,4.862375657853898
19,F,Cust_水戸市,4.0,0.0,2.3123287671232875,1.7773497893348627,5.244955919525811
20,F,Cust_宇都宮市,4.0,0.0,3.5178082191780824,2.0278416390585314,6.863746923624658
21,F,Cust_前橋市,4.0,0.0,0.810958904109589,1.3736377959896355,3.0774612674924873
22,F,Cust_さいたま市,3.0,0.0,0.6493150684931507,1.2277664953061318,2.6751297857482683
23,F,Cust_千葉市,4.0,0.0,0.8,1.3356396136972106,3.0038053626003975
24,F,Cust_新宿区,4.0,0.0,1.5780821917808219,1.6161062587123451,4.244657518656191
25,F,Cust_横浜市,4.0,0.0,6.410958904109589,2.437739173626294,10.433228540592975
26,F,Cust_新潟市,4.0,0.0,1.6986301369863013,1.6263928887980823,4.382178403503137
27,F,Cust_富山市,4.0,0.0,21.205479452054796,4.0817405666542195,27.94035138703426
28,F,Cust_金沢市,4.0,0.0,2.2794520547945205,1.7821137280793422,5.219939706125436
29,F,Cust_福井市,4.0,0.0,2.0054794520547947,1.6892495133422392,4.792741149069489
30,F,Cust_甲府市,4.0,0.0,1.1506849315068493,1.465005629419489,3.5679442200490064
31,F,Cust_長野市,4.0,0.0,1.5013698630136987,1.637517416442196,4.203273600143322
32,F,Cust_岐阜市,3.0,0.0,0.5342465753424657,1.1362920515339572,2.409128460373495
33,F,Cust_静岡市,4.0,0.0,1.884931506849315,1.6793571346539793,4.655870779028381
34,F,Cust_名古屋市,4.0,0.0,15.616438356164384,3.5302896805064212,21.441416328999978
35,F,Cust_津市,4.0,0.0,13.194520547945206,3.253934631078282,18.56351268922437
36,F,Cust_大津市,4.0,0.0,8.515068493150684,2.744617527020859,13.0436874127351
37,F,Cust_京都市,4.0,0.0,31.364383561643837,4.817210413749147,39.31278074432993
38,F,Cust_大阪市,4.0,0.0,1.2054794520547945,1.4923798672834183,3.6679062330724346
39,F,Cust_神戸市,4.0,0.0,20.03287671232877,3.920565995689234,26.501810605216004
40,F,Cust_奈良市,4.0,0.0,0.8328767123287671,1.3437532875525382,3.050069636790455
41,F,Cust_和歌山市,4.0,0.0,1.4356164383561645,1.5970114087264191,4.070685262754756
42,F,Cust_松江市,4.0,0.0,19.40821917808219,3.8751116769614584,25.802153445068598
43,F,Cust_岡山市,4.0,0.0,1.3917808219178083,1.5602203898396805,3.966144465153281
44,F,Cust_広島市,4.0,0.0,7.835616438356165,2.5942055261412342,12.1160555564892
45,F,Cust_山口市,4.0,0.0,6.049315068493151,2.3426538391545066,9.914693903098087
46,F,Cust_徳島市,4.0,0.0,2.158904109589041,1.7687726491593607,5.077378980701987
47,F,Cust_高松市,3.0,0.0,0.4273972602739726,1.0876110756578308,2.2219555351093936
48,F,Cust_松山市,4.0,0.0,0.9424657534246575,1.4170682478940504,3.2806283624498405
49,F,Cust_福岡市,3.0,0.0,10.61917808219178,2.870695043722623,15.355824904334106
50,F,Cust_佐賀市,4.0,0.0,5.578082191780822,2.382641165874047,9.509440115472998
51,F,Cust_長崎市,4.0,0.0,2.0493150684931507,1.7026426586310166,4.858675455234328
52,F,Cust_熊本市,3.0,0.0,2.1369863013698627,1.6676314064939266,4.888578122084841
53,F,Cust_大分市,4.0,0.0,1.084931506849315,1.4556670731108168,3.4867821774821626
54,F,Cust_宮崎市,3.0,0.0,3.8547945205479452,1.939563271176192,7.055073917988662
55,F,Cust_鹿児島市,4.0,0.0,10.575342465753424,2.9689761308777474,15.474153081701708
56,D,Plnt_Osaka,28.0,0.0,23.02191780821918,15.479144481990112,678.9644654900211
57,D,DC_高松市,4.0,0.0,16.0,3.3653169401302137,21.552772951214852
58,D,DC_熊本市,4.0,0.0,3.408219178082192,2.0082061674977436,6.721759354453469
59,D,DC_福岡市,4.0,0.0,11.156164383561643,3.11164433853958,16.29037754215195
60,D,Plnt_Odawara,30.0,0.0,5.6,2.919054490906111,183.4406533393104
61,D,DC_盛岡市,4.0,0.0,4.515068493150685,2.1330344827946615,8.034575389761876
62,D,DC_宮崎市,4.0,0.0,6.761643835616439,2.513495299982447,10.908911080587476
63,D,DC_岐阜市,4.0,0.0,19.693150684931506,3.8179302353279514,25.992735573222625
64,D,DC_山形市,4.0,0.0,5.117808219178082,2.242669136868607,8.818212295011284
65,D,DC_札幌市,5.0,0.0,0.8767123287671232,1.4848560538325692,3.3267248175908626
66,D,DC_大津市,4.0,0.0,35.06849315068493,5.023608569554466,43.3574472904498
67,D,DC_さいたま市,4.0,0.0,12.065753424657535,2.7886979377237244,16.66710502190168
68,D,Cust_札幌市,4.0,0.0,0.7013698630136986,1.3280956292686847,2.8927276513070286
69,D,Cust_青森市,4.0,0.0,1.6876712328767123,1.6361306252800023,4.387286764588716
70,D,Cust_盛岡市,3.0,0.0,1.0767123287671234,1.3541191639808987,3.3110089493356063
71,D,Cust_仙台市,4.0,0.0,1.9726027397260273,1.6892120376176807,4.759802601795201
72,D,Cust_秋田市,4.0,0.0,1.3917808219178083,1.5425627972720872,3.937009437416752
73,D,Cust_山形市,4.0,0.0,0.8986301369863013,1.3844515125664127,3.182975132720882
74,D,Cust_福島市,4.0,0.0,1.1178082191780823,1.513885021916138,3.61571850533971
75,D,Cust_水戸市,4.0,0.0,1.1506849315068493,1.5179814287037987,3.655354288868117
76,D,Cust_宇都宮市,4.0,0.0,1.6547945205479453,1.624738780482117,4.335613508343438
77,D,Cust_前橋市,4.0,0.0,0.7561643835616438,1.324223062258275,2.9411324362877975
78,D,Cust_さいたま市,3.0,0.0,0.7068493150684931,1.2531392756070807,2.7745291198201762
79,D,Cust_千葉市,4.0,0.0,0.6136986301369863,1.2712070222678051,2.711190216878865
80,D,Cust_新宿区,4.0,0.0,0.9972602739726028,1.463317478499032,3.411734113496005
81,D,Cust_横浜市,4.0,0.0,2.871232876712329,1.9055096998899812,6.015323881530797
82,D,Cust_新潟市,4.0,0.0,1.1287671232876713,1.515271491930257,3.628965084972595
83,D,Cust_富山市,4.0,0.0,9.73150684931507,2.819451183974813,14.383601302873512
84,D,Cust_金沢市,4.0,0.0,1.5013698630136987,1.5624352243026292,4.079387983113037
85,D,Cust_福井市,4.0,0.0,0.8767123287671232,1.4042629735926115,3.193746235194932
86,D,Cust_甲府市,4.0,0.0,0.9643835616438357,1.4210927036590035,3.309186522681191
87,D,Cust_長野市,4.0,0.0,0.8328767123287671,1.3615139575461792,3.079374742279963
88,D,Cust_岐阜市,3.0,0.0,0.5917808219178082,1.1997554636739969,2.5713773369799027
89,D,Cust_静岡市,4.0,0.0,1.2821917808219179,1.5201801130387294,3.790488967335821
90,D,Cust_名古屋市,4.0,0.0,6.794520547945205,2.4816377644909653,10.889222859355296
91,D,Cust_津市,4.0,0.0,5.589041095890411,2.2861092626123516,9.36112137920079
92,D,Cust_大津市,4.0,0.0,3.5178082191780824,2.0278416390585314,6.863746923624658
93,D,Cust_京都市,4.0,0.0,14.421917808219177,3.369687781603808,19.98190264786546
94,D,Cust_大阪市,4.0,0.0,0.9863013698630136,1.4955400807219266,3.453942503054192
95,D,Cust_神戸市,4.0,0.0,8.734246575342466,2.727315156303107,13.234316583242592
96,D,Cust_奈良市,4.0,0.0,0.8328767123287671,1.403109091057731,3.1480067125740234
97,D,Cust_和歌山市,4.0,0.0,0.9863013698630136,1.4250000272152834,3.3375514147682313
98,D,Cust_松江市,4.0,0.0,8.635616438356164,2.72301598614002,13.128592815487197
99,D,Cust_岡山市,4.0,0.0,1.1835616438356165,1.4762321118696093,3.6193446284204716
100,D,Cust_広島市,4.0,0.0,3.2,1.981051082130101,6.468734285514667
101,D,Cust_山口市,4.0,0.0,2.5424657534246577,1.8638238519572472,5.617775109154115
102,D,Cust_徳島市,4.0,0.0,1.2712328767123289,1.561154933768611,3.847138517430537
103,D,Cust_高松市,3.0,0.0,0.6000000000000001,1.2159013697310106,2.6062372600561674
104,D,Cust_松山市,4.0,0.0,0.9095890410958904,1.4029128657412706,3.224395269568987
105,D,Cust_福岡市,3.0,0.0,4.767123287671232,2.11570087897262,8.258029737976056
106,D,Cust_佐賀市,4.0,0.0,2.2575342465753425,1.7748241537026281,5.185994100184679
107,D,Cust_長崎市,4.0,0.0,1.1178082191780823,1.4743568608706301,3.550497039614622
108,D,Cust_熊本市,3.0,0.0,1.1424657534246574,1.4015615825500993,3.455042364632321
109,D,Cust_大分市,4.0,0.0,0.7671232876712328,1.38028016033547,3.044585552224758
110,D,Cust_宮崎市,3.0,0.0,1.6684931506849316,1.541047235487812,4.211221089239821
111,D,Cust_鹿児島市,4.0,0.0,4.536986301369863,2.1347015200272312,8.059243809414795
112,E,Plnt_Odawara,28.0,0.0,9.915068493150685,6.332448948026487,299.5928664292519
113,E,DC_盛岡市,4.0,0.0,9.72054794520548,2.9962152668540605,14.664303135514679
114,E,DC_さいたま市,4.0,0.0,20.8,3.6927508613950266,26.893038921301795
115,E,Plnt_Osaka,28.0,0.0,48.75068493150685,34.98187569694963,1416.6589726632942
116,E,DC_高松市,4.0,0.0,31.616438356164384,4.810596693627143,39.55392290064917
117,E,DC_札幌市,5.0,0.0,1.2465753424657535,1.620123921205426,3.9197798124547063
118,E,DC_岐阜市,4.0,0.0,42.06027397260274,5.555911013462861,51.227527144816456
119,E,DC_山形市,4.0,0.0,8.142465753424657,2.634877755407091,12.490014049846359
120,E,DC_宮崎市,4.0,0.0,15.693150684931506,3.5570111336344152,21.56221905542829
121,E,DC_大津市,4.0,0.0,74.61917808219178,7.4279640159591835,86.87531870852443
122,E,DC_熊本市,4.0,0.0,6.104109589041096,2.3110869342834297,9.917403030608755
123,E,DC_福岡市,4.0,0.0,24.90958904109589,4.411207174262262,32.188080878628625
124,E,Cust_札幌市,4.0,0.0,0.9972602739726028,1.4490828879155382,3.3882470390332404
125,E,Cust_青森市,4.0,0.0,4.6136986301369864,2.179567653511032,8.209985258430189
126,E,Cust_盛岡市,3.0,0.0,2.095890410958904,1.6569392561110914,4.8298401835422045
127,E,Cust_仙台市,4.0,0.0,3.66027397260274,2.0352743452046296,7.018476642190379
128,E,Cust_秋田市,4.0,0.0,2.3123287671232875,1.850940641551779,5.366380825683723
129,E,Cust_山形市,4.0,0.0,0.821917808219178,1.3844968932601625,3.106337682098446
130,E,Cust_福島市,4.0,0.0,1.9945205479452055,1.711599021436932,4.818658933316144
131,E,Cust_水戸市,4.0,0.0,2.345205479452055,1.8106660380178723,5.332804442181544
132,E,Cust_宇都宮市,4.0,0.0,3.3534246575342466,1.9711725552807902,6.60585937374755
133,E,Cust_前橋市,4.0,0.0,0.821917808219178,1.3844968932601622,3.106337682098445
134,E,Cust_さいたま市,3.0,0.0,0.5589041095890411,1.2052097465147806,2.547500191338429
135,E,Cust_千葉市,4.0,0.0,0.7232876712328767,1.324741369556328,2.909110931000818
136,E,Cust_新宿区,4.0,0.0,1.5232876712328767,1.5808002629143827,4.131608105041607
137,E,Cust_横浜市,4.0,0.0,6.838356164383562,2.4919041887072537,10.94999807575053
138,E,Cust_新潟市,4.0,0.0,1.6657534246575343,1.598944509618298,4.304011865527726
139,E,Cust_富山市,4.0,0.0,21.39178082191781,4.062203389898579,28.094416415250464
140,E,Cust_金沢市,4.0,0.0,2.2356164383561645,1.7831129273555173,5.177752768492768
141,E,Cust_福井市,4.0,0.0,1.895890410958904,1.6841045439577589,4.674662908489206
142,E,Cust_甲府市,4.0,0.0,1.2821917808219179,1.5386105157670213,3.820899131837503
143,E,Cust_長野市,4.0,0.0,1.4465753424657535,1.5468917745500548,3.998946770473344
144,E,Cust_岐阜市,3.0,0.0,0.5671232876712329,1.1931105547276233,2.5357557029718114
145,E,Cust_静岡市,4.0,0.0,1.7205479452054795,1.6617274776522357,4.462398283331668
146,E,Cust_名古屋市,4.0,0.0,15.780821917808218,3.4795692763006336,21.522111223704265
147,E,Cust_津市,4.0,0.0,12.394520547945206,3.183418536817334,17.647161133693807
148,E,Cust_大津市,4.0,0.0,8.295890410958904,2.6819397563470306,12.721091008931506
149,E,Cust_京都市,4.0,0.0,30.71780821917808,4.7865139957933565,38.61555631223712
150,E,Cust_大阪市,4.0,0.0,1.5123287671232877,1.5911546452958876,4.1377339318615025
151,E,Cust_神戸市,4.0,0.0,19.627397260273973,3.908816730734519,26.07694486598593
152,E,Cust_奈良市,4.0,0.0,0.6246575342465753,1.3055778233434672,2.778860942763296
153,E,Cust_和歌山市,4.0,0.0,1.4465753424657535,1.5757613400643073,4.04658155357186
154,E,Cust_松江市,4.0,0.0,19.101369863013698,3.8769171200772536,25.498283111141166
155,E,Cust_岡山市,4.0,0.0,1.4246575342465753,1.5511363098589772,3.9840324455138876
156,E,Cust_広島市,4.0,0.0,7.353424657534247,2.594884695805135,11.63498440561272
157,E,Cust_山口市,4.0,0.0,5.884931506849315,2.4111758487682353,9.863371657316904
158,E,Cust_徳島市,4.0,0.0,1.9616438356164383,1.6706314419734116,4.718185714872567
159,E,Cust_高松市,3.0,0.0,0.6410958904109589,1.2190919019298354,2.6525975285951873
160,E,Cust_松山市,4.0,0.0,0.9205479452054794,1.3889451877655006,3.212307505018555
161,E,Cust_福岡市,3.0,0.0,10.602739726027398,2.8707336992924195,15.33945032985989
162,E,Cust_佐賀市,4.0,0.0,4.887671232876713,2.2499682017738274,8.600118765803527
163,E,Cust_長崎市,4.0,0.0,2.115068493150685,1.6976188663923961,4.916139622698139
164,E,Cust_熊本市,3.0,0.0,2.26027397260274,1.6527914104151717,4.987379799787773
165,E,Cust_大分市,4.0,0.0,0.9753424657534246,1.4075565397876404,3.297810756403031
166,E,Cust_宮崎市,3.0,0.0,4.035616438356164,1.9678578267050102,7.282581852419431
167,E,Cust_鹿児島市,4.0,0.0,10.312328767123288,2.933635921956841,15.152828038352077
168,C,Plnt_Odawara,26.0,0.0,18.876712328767123,13.188141115585632,521.3481221174284
169,C,DC_札幌市,5.0,0.0,1.6986301369863013,1.7078694602255204,4.516614746358409
170,C,Plnt_Osaka,27.0,0.0,94.69589041095891,69.1904769346873,2628.1053715067897
171,C,DC_岐阜市,4.0,0.0,80.59178082191781,7.7056946187657,93.30617694288121
172,C,DC_大津市,4.0,0.0,145.76438356164383,10.316160230100158,162.78604794130908
173,C,DC_盛岡市,4.0,0.0,20.295890410958904,4.025679322812612,26.938261293599716
174,C,DC_高松市,4.0,0.0,60.28493150684932,6.611308795913534,71.19359102010665
175,C,DC_福岡市,4.0,0.0,50.772602739726025,6.161908922123231,60.939752461229354
176,C,DC_山形市,4.0,0.0,15.572602739726028,3.5007458613684492,21.348833410983968
177,C,DC_宮崎市,4.0,0.0,30.63013698630137,4.88906020009838,38.6970863164637
178,C,DC_熊本市,4.0,0.0,10.73972602739726,3.080546713561193,15.822628104773228
179,C,DC_さいたま市,4.0,0.0,38.27945205479452,5.171438176539071,46.812325046083984
180,C,Cust_札幌市,4.0,0.0,1.358904109589041,1.527564883904055,3.8793861680307318
181,C,Cust_青森市,4.0,0.0,9.293150684931506,2.8126835054045687,13.934078468849044
182,C,Cust_盛岡市,3.0,0.0,4.800000000000001,2.0872238226391775,8.243919307354643
183,C,Cust_仙台市,4.0,0.0,7.989041095890411,2.6482678337490158,12.358683021576287
184,C,Cust_秋田市,4.0,0.0,4.602739726027397,2.1872786552235906,8.21174950714632
185,C,Cust_山形市,4.0,0.0,0.7123287671232876,1.340340474156246,2.9238905494810936
186,C,Cust_福島市,4.0,0.0,3.956164383561644,2.1111968455803543,7.439639178769228
187,C,Cust_水戸市,4.0,0.0,3.8465753424657536,2.0672249668324887,7.25749653773936
188,C,Cust_宇都宮市,4.0,0.0,6.991780821917808,2.50849399082766,11.130795906783447
189,C,Cust_前橋市,4.0,0.0,0.9863013698630136,1.4399535659458629,3.3622247536736873
190,C,Cust_さいたま市,3.0,0.0,0.6246575342465753,1.2011064646145486,2.6064832008605805
191,C,Cust_千葉市,4.0,0.0,0.9424657534246575,1.439691317893053,3.3179564279481952
192,C,Cust_新宿区,4.0,0.0,2.7945205479452055,1.9132686510931947,5.951413822248977
193,C,Cust_横浜市,4.0,0.0,13.36986301369863,3.2684273983716725,18.76276822101189
194,C,Cust_新潟市,4.0,0.0,2.915068493150685,1.8865074798846277,6.02780583496032
195,C,Cust_富山市,4.0,0.0,41.64383561643836,5.548668432578052,50.799138530192145
196,C,Cust_金沢市,4.0,0.0,4.723287671232876,2.1738753110256956,8.310181934425273
197,C,Cust_福井市,4.0,0.0,3.408219178082192,2.050284473228401,6.791188558909053
198,C,Cust_甲府市,4.0,0.0,2.421917808219178,1.7931182061078796,5.3805628482971795
199,C,Cust_長野市,4.0,0.0,2.2684931506849315,1.7167394829977916,5.101113297631287
200,C,Cust_岐阜市,3.0,0.0,0.5671232876712329,1.1549210120787565,2.472742957601181
201,C,Cust_静岡市,4.0,0.0,3.824657534246575,2.0769037262180112,7.251548682506293
202,C,Cust_名古屋市,4.0,0.0,30.06027397260274,4.774612238083416,37.938384165440375
203,C,Cust_津市,4.0,0.0,25.632876712328766,4.384861823524532,32.86789872114424
204,C,Cust_大津市,4.0,0.0,16.7013698630137,3.5928305920806753,22.629540339946814
205,C,Cust_京都市,4.0,0.0,59.78082191780822,6.640425708719062,70.73752433719467
206,C,Cust_大阪市,4.0,0.0,1.7972602739726027,1.6589516843271817,4.534530553112452
207,C,Cust_神戸市,4.0,0.0,38.54246575342466,5.36263247088068,47.39080933037778
208,C,Cust_奈良市,4.0,0.0,0.7890410958904109,1.377017118172276,3.061119340874666
209,C,Cust_和歌山市,4.0,0.0,2.5205479452054793,1.8004672902854726,5.491318974176509
210,C,Cust_松江市,4.0,0.0,37.205479452054796,5.285026877988002,45.925773800735
211,C,Cust_岡山市,4.0,0.0,2.1041095890410957,1.697741929516461,4.9053837727432565
212,C,Cust_広島市,4.0,0.0,14.717808219178082,3.3942064973141535,20.318248939746436
213,C,Cust_山口市,4.0,0.0,12.153424657534247,3.1278242791985678,17.31433471821188
214,C,Cust_徳島市,4.0,0.0,3.989041095890411,2.126264304064022,7.497377197596046
215,C,Cust_高松市,3.0,0.0,0.7397260273972602,1.2340862239619523,2.775968296934481
216,C,Cust_松山市,4.0,0.0,1.2821917808219179,1.5505390017176603,3.840581133656057
217,C,Cust_福岡市,3.0,0.0,20.96712328767123,3.9261386557908358,27.44525206972611
218,C,Cust_佐賀市,4.0,0.0,10.663013698630136,3.005063242980588,15.621368049548106
219,C,Cust_長崎市,4.0,0.0,3.484931506849315,2.0202240591383003,6.81830120442751
220,C,Cust_熊本市,3.0,0.0,4.397260273972603,2.0880539734009145,7.842549330084111
221,C,Cust_大分市,4.0,0.0,1.3917808219178083,1.6355941866824328,4.090511229943822
222,C,Cust_宮崎市,3.0,0.0,8.021917808219179,2.5900921902136145,12.295569922071643
223,C,Cust_鹿児島市,4.0,0.0,19.934246575342467,3.9470880179997416,26.44694180504204
224,I,Plnt_Odawara,30.0,0.0,120.52876712328766,88.35833244203614,3700.8139807455286
225,I,DC_高松市,4.0,0.0,77.28219178082192,7.513432627219686,89.6793556157344
226,I,Plnt_Chiba,28.0,0.0,24.22739726027397,17.593715007569465,714.9890961322221
227,I,DC_山形市,4.0,0.0,20.186301369863013,4.003122752512646,26.79145391150888
228,I,DC_盛岡市,4.0,0.0,27.013698630136986,4.644464580037081,34.67706518719817
229,I,DC_岐阜市,4.0,0.0,102.63013698630137,8.712156398879994,117.00519504445336
230,I,DC_宮崎市,5.0,0.0,49.91780821917808,6.155986408872165,60.07518579381715
231,I,DC_福岡市,5.0,0.0,80.73972602739727,7.808816729132041,93.62427363046514
232,I,DC_さいたま市,4.0,0.0,48.32876712328767,5.9006707424534675,58.06487384833589
233,I,DC_熊本市,5.0,0.0,16.863013698630137,3.693388337811241,22.957104456018683
234,I,DC_札幌市,5.0,0.0,1.7260273972602742,1.736868717684371,4.591860781439486
235,I,DC_大津市,4.0,0.0,184.186301369863,11.598928008728759,203.32453258426546
236,I,Cust_札幌市,4.0,0.0,1.3808219178082193,1.5535026082940577,3.9441012214934146
237,I,Cust_青森市,4.0,0.0,12.076712328767123,3.1145980581769286,17.215799124759055
238,I,Cust_盛岡市,3.0,0.0,6.460273972602739,2.386270963752762,10.397621062794796
239,I,Cust_仙台市,4.0,0.0,10.29041095890411,2.9398408960357627,15.141148437363118
240,I,Cust_秋田市,4.0,0.0,6.323287671232877,2.456833350106614,10.37706269890879
241,I,Cust_山形市,4.0,0.0,0.821917808219178,1.3844968932601618,3.106337682098445
242,I,Cust_福島市,4.0,0.0,5.052054794520548,2.2399898686892996,8.748038077857892
243,I,Cust_水戸市,4.0,0.0,5.095890410958904,2.2534123569257503,8.814020799886393
244,I,Cust_宇都宮市,4.0,0.0,9.216438356164383,2.7720008799264853,13.790239808043083
245,I,Cust_前橋市,4.0,0.0,1.073972602739726,1.4468216952520503,3.461228399905609
246,I,Cust_さいたま市,3.0,0.0,0.6410958904109589,1.2325153899534254,2.6747462838341107
247,I,Cust_千葉市,4.0,0.0,0.6246575342465753,1.2748843590410357,2.728216726664284
248,I,Cust_新宿区,4.0,0.0,3.506849315068493,1.974020210726115,6.763982662766583
249,I,Cust_横浜市,4.0,0.0,17.46849315068493,3.6703776810577553,23.524616324430227
250,I,Cust_新潟市,4.0,0.0,4.021917808219178,2.134212349104133,7.543368184240997
251,I,Cust_富山市,4.0,0.0,52.62465753424657,6.2461413950633435,62.93079083610109
252,I,Cust_金沢市,4.0,0.0,6.279452054794521,2.470503878520388,10.355783454353162
253,I,Cust_福井市,4.0,0.0,4.438356164383562,2.1516629130387113,7.988599970897435
254,I,Cust_甲府市,4.0,0.0,2.947945205479452,1.9316749166781255,6.135208817998359
255,I,Cust_長野市,4.0,0.0,3.0794520547945203,1.9376205082548774,6.276525893415068
256,I,Cust_岐阜市,3.0,0.0,0.6904109589041096,1.2099031095617079,2.6867510896809277
257,I,Cust_静岡市,4.0,0.0,4.46027397260274,2.0984829012115758,7.922770759601839
258,I,Cust_名古屋市,4.0,0.0,38.367123287671234,5.365170133678361,47.219654008240525
259,I,Cust_津市,4.0,0.0,32.42739726027397,4.933826018926488,40.56821019150267
260,I,Cust_大津市,4.0,0.0,21.22739726027397,4.046177847327778,27.903590708364803
261,I,Cust_京都市,4.0,0.0,75.55068493150685,7.441811562896179,87.82967401028554
262,I,Cust_大阪市,4.0,0.0,2.334246575342466,1.814669500446371,5.328451251078977
263,I,Cust_神戸市,4.0,0.0,49.05205479452055,5.983076205085203,58.924130532911136
264,I,Cust_奈良市,4.0,0.0,0.8328767123287671,1.3950841489301986,3.1347655580635947
265,I,Cust_和歌山市,4.0,0.0,2.7616438356164386,1.8960402514755514,5.890110250551098
266,I,Cust_松江市,4.0,0.0,48.02191780821918,5.936944837740088,57.817876790490324
267,I,Cust_岡山市,4.0,0.0,2.893150684931507,1.9705826557805628,6.144612066969435
268,I,Cust_広島市,4.0,0.0,18.936986301369863,3.8241094469293815,25.246766888803343
269,I,Cust_山口市,4.0,0.0,15.627397260273973,3.533080973373679,21.456980866340544
270,I,Cust_徳島市,4.0,0.0,4.931506849315069,2.2578197226288834,8.656909391652725
271,I,Cust_高松市,3.0,0.0,0.6821917808219178,1.2217935794571702,2.6981511869262484
272,I,Cust_松山市,4.0,0.0,1.5890410958904109,1.606142794763771,4.239176707250633
273,I,Cust_福岡市,3.0,0.0,26.432876712328763,4.453371011688871,33.7809388816154
274,I,Cust_佐賀市,4.0,0.0,13.72054794520548,3.2992347254008445,19.164285242116872
275,I,Cust_長崎市,4.0,0.0,4.361643835616438,2.1738225576608405,7.948451055756825
276,I,Cust_熊本市,3.0,0.0,5.654794520547945,2.2021631400405424,9.28836370161484
277,I,Cust_大分市,4.0,0.0,1.5890410958904109,1.64205132507941,4.298425782271437
278,I,Cust_宮崎市,3.0,0.0,10.224657534246576,2.8938002557703704,14.999427956267688
279,I,Cust_鹿児島市,4.0,0.0,26.301369863013697,4.434709503609739,33.61864054396977
280,A,Plnt_Osaka,27.0,0.0,23.394520547945206,15.639235409022874,665.5578226936369
281,A,DC_大津市,4.0,0.0,35.69315068493151,5.13728369057447,44.16966877437939
282,A,Plnt_Odawara,27.0,0.0,6.013698630136986,3.214378542490166,177.7412953058468
283,A,DC_札幌市,5.0,0.0,1.3013698630136985,1.6035661476578182,3.9472540066490986
284,A,DC_高松市,4.0,0.0,16.10958904109589,3.363506543326599,21.659374837584778
285,A,DC_熊本市,4.0,0.0,3.758904109589041,2.0356741858260956,7.117766516202099
286,A,DC_山形市,4.0,0.0,4.865753424657535,2.156374352394224,8.423771106108005
287,A,DC_宮崎市,4.0,0.0,7.134246575342465,2.5092527650632777,11.274513637696874
288,A,DC_岐阜市,4.0,0.0,19.594520547945205,3.7612743081028746,25.80062315631495
289,A,DC_さいたま市,4.0,0.0,13.150684931506849,2.9326647700595077,17.989581802105036
290,A,DC_盛岡市,4.0,0.0,4.997260273972603,2.22174025669421,8.663131697518049
291,A,DC_福岡市,4.0,0.0,11.287671232876713,3.0867893210377595,16.380873612589017
292,A,Cust_札幌市,4.0,0.0,1.0410958904109588,1.4342731650321388,3.4076466127139877
293,A,Cust_青森市,4.0,0.0,2.202739726027397,1.7680540473549338,5.120028904163037
294,A,Cust_盛岡市,3.0,0.0,1.158904109589041,1.4158579114914378,3.495069663549913
295,A,Cust_仙台市,4.0,0.0,1.7753424657534247,1.6338022353987143,4.471116154161303
296,A,Cust_秋田市,4.0,0.0,1.2493150684931507,1.5352768856759222,3.7825219298584223
297,A,Cust_山形市,4.0,0.0,0.8657534246575342,1.3774550677802109,3.138554286494882
298,A,Cust_福島市,4.0,0.0,1.347945205479452,1.5680876668836476,3.9352898558374703
299,A,Cust_水戸市,4.0,0.0,1.2383561643835617,1.4962236576841126,3.7071251995623475
300,A,Cust_宇都宮市,4.0,0.0,1.8082191780821917,1.7397417579715586,4.678793078735263
301,A,Cust_前橋市,4.0,0.0,0.7890410958904109,1.401602587982652,3.1016853660617865
302,A,Cust_さいたま市,3.0,0.0,0.6246575342465753,1.186575801728426,2.5825076070984783
303,A,Cust_千葉市,4.0,0.0,0.8438356164383561,1.3463761267104122,3.0653562255105364
304,A,Cust_新宿区,4.0,0.0,1.2383561643835617,1.5461592250562637,3.7895188857263964
305,A,Cust_横浜市,4.0,0.0,3.0356164383561643,1.9408076800499532,6.237949110438587
306,A,Cust_新潟市,4.0,0.0,0.8767123287671232,1.404262973592611,3.1937462351949315
307,A,Cust_富山市,4.0,0.0,9.468493150684932,2.816111190856613,14.115076615598344
308,A,Cust_金沢市,4.0,0.0,1.2493150684931507,1.516723201039583,3.7519083502084625
309,A,Cust_福井市,4.0,0.0,1.2164383561643837,1.5067012696013367,3.7024954510065893
310,A,Cust_甲府市,4.0,0.0,1.073972602739726,1.4468216952520507,3.4612283999056097
311,A,Cust_長野市,4.0,0.0,1.084931506849315,1.462740634841306,3.4984535543374697
312,A,Cust_岐阜市,3.0,0.0,0.6164383561643836,1.2131031331356243,2.6180585258381637
313,A,Cust_静岡市,4.0,0.0,1.2054794520547945,1.498948638969152,3.678744706353895
314,A,Cust_名古屋市,4.0,0.0,6.838356164383562,2.489058623472143,10.945302893112597
315,A,Cust_津市,4.0,0.0,5.83013698630137,2.3918514812924903,9.776691930433978
316,A,Cust_大津市,4.0,0.0,3.780821917808219,2.0039772817093193,7.087384432628596
317,A,Cust_京都市,4.0,0.0,14.498630136986302,3.4115201744864248,20.1276384248889
318,A,Cust_大阪市,4.0,0.0,0.9643835616438357,1.436167351940088,3.334059692344981
319,A,Cust_神戸市,4.0,0.0,8.876712328767123,2.811998628868352,13.516510066399903
320,A,Cust_奈良市,4.0,0.0,0.7013698630136986,1.355389025038007,2.9377617543264103
321,A,Cust_和歌山市,4.0,0.0,1.0410958904109588,1.4631829426598213,3.4553477457996635
322,A,Cust_松江市,4.0,0.0,8.723287671232876,2.7215355795008915,13.213821377409348
323,A,Cust_岡山市,4.0,0.0,0.7671232876712328,1.3271435426644438,2.956910133067565
324,A,Cust_広島市,4.0,0.0,3.66027397260274,1.9810046118545144,6.928931582162688
325,A,Cust_山口市,4.0,0.0,2.5534246575342467,1.8701158921685674,5.639115879612383
326,A,Cust_徳島市,4.0,0.0,1.4027397260273973,1.5552822662956276,3.9689554654151826
327,A,Cust_高松市,3.0,0.0,0.4438356164383562,1.084809633931682,2.233771512425631
328,A,Cust_松山市,4.0,0.0,0.9643835616438357,1.4787524194350337,3.404325053711641
329,A,Cust_福岡市,3.0,0.0,4.5041095890410965,2.0662785907680687,7.91346926380841
330,A,Cust_佐賀市,4.0,0.0,2.728767123287671,1.8227669055611975,5.736332517463646
331,A,Cust_長崎市,4.0,0.0,1.2493150684931507,1.541314528904013,3.792484041184772
332,A,Cust_熊本市,3.0,0.0,1.241095890410959,1.4329678240917187,3.6054928001622946
333,A,Cust_大分市,4.0,0.0,0.8547945205479452,1.3750527356063345,3.123631534298397
334,A,Cust_宮崎市,3.0,0.0,1.7917808219178082,1.5472566433769643,4.344754283489799
335,A,Cust_鹿児島市,4.0,0.0,4.745205479452054,2.1794862323955058,8.34135776290464
336,B,Plnt_Odawara,29.0,0.0,19.975342465753425,13.802450220664939,612.2961106897723
337,B,DC_札幌市,5.0,0.0,1.917808219178082,1.8100907637429138,4.904457979353889
338,B,DC_山形市,4.0,0.0,16.71232876712329,3.6330577512347,22.706874056660546
339,B,Plnt_Osaka,29.0,0.0,100.5041095890411,73.46609526437723,2990.7790880503685
340,B,DC_宮崎市,4.0,0.0,33.04109589041096,4.979792016366764,41.25775271741612
341,B,DC_岐阜市,4.0,0.0,85.9945205479452,7.930972329577701,99.0806248917484
342,B,DC_盛岡市,4.0,0.0,21.4027397260274,4.125355481156794,28.209576269936107
343,B,DC_福岡市,4.0,0.0,53.57808219178082,6.36274562331155,64.07661247024488
344,B,DC_熊本市,4.0,0.0,11.002739726027396,3.078870778011335,16.0828765097461
345,B,DC_高松市,4.0,0.0,64.20821917808219,6.8683491794277245,75.54099532413794
346,B,DC_さいたま市,4.0,0.0,40.25205479452055,5.24776369591169,48.91086489277483
347,B,DC_大津市,4.0,0.0,154.1917808219178,10.617201671695293,171.71016358021504
348,B,Cust_札幌市,4.0,0.0,1.5342465753424657,1.618994397269467,4.205587330837086
349,B,Cust_青森市,4.0,0.0,9.621917808219179,2.8748595858750434,14.365436124913
350,B,Cust_盛岡市,3.0,0.0,5.178082191780822,2.2053025850002643,8.816831457031258
351,B,Cust_仙台市,4.0,0.0,8.471232876712328,2.697151501400697,12.921532854023479
352,B,Cust_秋田市,4.0,0.0,4.876712328767123,2.19329566954913,8.495650183523187
353,B,Cust_山形市,4.0,0.0,0.9424657534246575,1.4170682478940504,3.2806283624498405
354,B,Cust_福島市,4.0,0.0,3.8465753424657536,2.054671801924821,7.236783815641708
355,B,Cust_水戸市,4.0,0.0,4.35068493150685,2.121903770172434,7.851826152291365
356,B,Cust_宇都宮市,4.0,0.0,7.572602739726028,2.589439803764394,11.845178415937278
357,B,Cust_前橋市,4.0,0.0,1.1397260273972603,1.4773351666294336,3.577329052335825
358,B,Cust_さいたま市,3.0,0.0,0.6000000000000001,1.1403792512101696,2.48162576449678
359,B,Cust_千葉市,4.0,0.0,0.8876712328767123,1.4220149744025354,3.2339959406408956
360,B,Cust_新宿区,4.0,0.0,2.706849315068493,1.8626602676055104,5.780238756617585
361,B,Cust_横浜市,4.0,0.0,14.4,3.3669303934604318,19.955435149209713
362,B,Cust_新潟市,4.0,0.0,3.452054794520548,2.001578740868689,6.754659716953885
363,B,Cust_富山市,4.0,0.0,44.1972602739726,5.719611288186267,53.634618899479946
364,B,Cust_金沢市,4.0,0.0,5.304109589041096,2.2886852324862557,9.080440222643418
365,B,Cust_福井市,4.0,0.0,3.5397260273972604,1.9960972772546723,6.83328653486747
366,B,Cust_甲府市,4.0,0.0,2.3123287671232875,1.7410210815038072,5.18501355160457
367,B,Cust_長野市,4.0,0.0,2.5315068493150683,1.8329715374845326,5.555909886164547
368,B,Cust_岐阜市,3.0,0.0,0.5835616438356165,1.1829095894147437,2.5353624663699432
369,B,Cust_静岡市,4.0,0.0,3.5506849315068494,1.9580304340790358,6.781435147737258
370,B,Cust_名古屋市,4.0,0.0,32.175342465753424,4.90562974691073,40.26963154815613
371,B,Cust_津市,4.0,0.0,27.123287671232877,4.526481895334496,34.591982798534794
372,B,Cust_大津市,4.0,0.0,17.698630136986303,3.729044238108719,23.85155312986569
373,B,Cust_京都市,4.0,0.0,63.04657534246575,6.820028985487673,74.29962316852041
374,B,Cust_大阪市,4.0,0.0,1.917808219178082,1.7024230336462998,4.726806224694476
375,B,Cust_神戸市,4.0,0.0,41.0958904109589,5.495432320645291,50.16335374002363
376,B,Cust_奈良市,4.0,0.0,0.7013698630136986,1.3373799301666693,2.9080467477887026
377,B,Cust_和歌山市,4.0,0.0,2.6082191780821917,1.8470924716912913,5.655921756372822
378,B,Cust_松江市,4.0,0.0,39.71506849315068,5.419552364100768,48.65732989391695
379,B,Cust_岡山市,4.0,0.0,2.2794520547945205,1.7782178376307636,5.21351148688528
380,B,Cust_広島市,4.0,0.0,15.747945205479452,3.571499345540336,21.640919125621007
381,B,Cust_山口市,4.0,0.0,12.953424657534246,3.239748601083621,18.29900984932222
382,B,Cust_徳島市,4.0,0.0,3.802739726027397,2.096035130982354,7.261197692148281
383,B,Cust_高松市,3.0,0.0,0.7643835616438357,1.2937390797279034,2.8990530431948764
384,B,Cust_松山市,4.0,0.0,1.643835616438356,1.64442614983646,4.357138763668515
385,B,Cust_福岡市,3.0,0.0,22.01095890410959,4.074737376433669,28.73427557522514
386,B,Cust_佐賀市,4.0,0.0,11.276712328767124,3.023060281514794,16.264761793266533
387,B,Cust_長崎市,4.0,0.0,3.671232876712329,2.018337261636714,7.001489358412906
388,B,Cust_熊本市,3.0,0.0,4.306849315068494,2.049603396707244,7.688694919635446
389,B,Cust_大分市,4.0,0.0,1.5890410958904109,1.6370646940217835,4.2901978410263535
390,B,Cust_宮崎市,3.0,0.0,8.49041095890411,2.5912531759022275,12.765978699142785
391,B,Cust_鹿児島市,4.0,0.0,21.720547945205478,4.060999162047588,28.421196562583997
392,G,Plnt_Chiba,29.0,0.0,72.41095890410959,53.43179785885579,2164.868358797686
393,G,DC_盛岡市,4.0,0.0,80.4931506849315,7.768647308588249,93.31141874410211
394,G,DC_札幌市,5.0,0.0,4.232876712328767,2.2037500116769846,7.869064231595791
395,G,Plnt_Odawara,28.0,0.0,350.4246575342466,255.7746109138629,9951.524570783653
396,G,DC_高松市,4.0,0.0,222.76164383561644,12.77826882586716,243.84578739829726
397,G,DC_さいたま市,4.0,0.0,143.4082191780822,10.278864214355444,160.36834513176868
398,G,DC_福岡市,5.0,0.0,237.21917808219177,13.221631322408404,259.03486976416565
399,G,DC_宮崎市,5.0,0.0,146.36986301369862,10.357197713437445,163.4592392408704
400,G,DC_熊本市,5.0,0.0,53.02739726027397,6.3565633960207055,63.51572686370814
401,G,DC_山形市,4.0,0.0,62.35616438356164,6.807596508251233,73.58869862217617
402,G,DC_岐阜市,4.0,0.0,298.52054794520546,14.723118039561344,322.8136927104817
403,G,DC_大津市,4.0,0.0,531.1232876712329,19.656053668685402,563.5557762245638
404,G,Cust_札幌市,4.0,0.0,3.3863013698630136,1.9710939326102772,6.638606358669971
405,G,Cust_青森市,4.0,0.0,35.61643835616438,5.172564119330131,44.151169153059094
406,G,Cust_盛岡市,3.0,0.0,19.389041095890413,3.841615199471361,25.72770617501816
407,G,Cust_仙台市,4.0,0.0,31.98904109589041,4.901127475427298,40.07590143034545
408,G,Cust_秋田市,4.0,0.0,19.024657534246575,3.8374170529285667,25.35639567157871
409,G,Cust_山形市,4.0,0.0,1.5013698630136987,1.6222904155737294,4.1781490487103525
410,G,Cust_福島市,4.0,0.0,16.164383561643834,3.555675106439833,22.03124748726956
411,G,Cust_水戸市,4.0,0.0,16.405479452054795,3.584382461552583,22.319710513616556
412,G,Cust_宇都宮市,4.0,0.0,27.517808219178082,4.605688908118687,35.11719491757391
413,G,Cust_前橋市,4.0,0.0,1.9945205479452055,1.6982953826728056,4.7967079293553345
414,G,Cust_さいたま市,3.0,0.0,0.7397260273972602,1.2595951845791373,2.8180580819528367
415,G,Cust_千葉市,4.0,0.0,1.2821917808219179,1.538610515767022,3.820899131837504
416,G,Cust_新宿区,4.0,0.0,11.035616438356165,2.9983843532860797,15.982950621278196
417,G,Cust_横浜市,4.0,0.0,51.04657534246575,6.165505025938492,61.21965863526426
418,G,Cust_新潟市,4.0,0.0,12.7013698630137,3.172575225837277,17.936118985645205
419,G,Cust_富山市,4.0,0.0,151.0904109589041,10.474585610507189,168.37347721624096
420,G,Cust_金沢市,4.0,0.0,20.252054794520546,3.9133569418133676,26.7090937485126
421,G,Cust_福井市,4.0,0.0,14.61917808219178,3.3944897959009324,20.22008624542832
422,G,Cust_甲府市,4.0,0.0,8.821917808219178,2.7491988898597386,13.358095976487746
423,G,Cust_長野市,4.0,0.0,9.665753424657535,2.841306415557595,14.353909010327566
424,G,Cust_岐阜市,3.0,0.0,0.9041095890410958,1.3255063801065181,3.0911951162168507
425,G,Cust_静岡市,4.0,0.0,14.652054794520549,3.394783797140746,20.25344805980278
426,G,Cust_名古屋市,4.0,0.0,111.35342465753425,9.005432499470704,126.2123882816609
427,G,Cust_津市,4.0,0.0,94.2904109589041,8.315440337016122,108.01088751498071
428,G,Cust_大津市,4.0,0.0,62.772602739726025,6.773246603130576,73.94845963489148
429,G,Cust_京都市,4.0,0.0,215.0904109589041,12.49469773194998,235.70666221662157
430,G,Cust_大阪市,4.0,0.0,7.901369863013699,2.593194402803423,12.180140627639346
431,G,Cust_神戸市,4.0,0.0,140.2082191780822,10.117134711945734,156.90149145279267
432,G,Cust_奈良市,4.0,0.0,1.0082191780821919,1.421197597606651,3.353195214133166
433,G,Cust_和歌山市,4.0,0.0,9.852054794520548,2.865920300205211,14.580823289859147
434,G,Cust_松江市,4.0,0.0,136.05479452054794,9.966790223862343,152.49999838992082
435,G,Cust_岡山市,4.0,0.0,9.03013698630137,2.8165963750171175,13.677521005079614
436,G,Cust_広島市,4.0,0.0,56.054794520547944,6.443846674549855,66.6871415335552
437,G,Cust_山口市,4.0,0.0,46.29041095890411,5.879363315110181,55.99136042883591
438,G,Cust_徳島市,4.0,0.0,15.419178082191781,3.511574086024548,21.213275324132283
439,G,Cust_高松市,3.0,0.0,1.2904109589041095,1.409139549211855,3.61549121510367
440,G,Cust_松山市,4.0,0.0,4.482191780821918,2.128203455021013,7.993727481606589
441,G,Cust_福岡市,3.0,0.0,76.58630136986301,7.499094311346446,88.95980698358464
442,G,Cust_佐賀市,4.0,0.0,41.36986301369863,5.539888589694594,50.5106791866947
443,G,Cust_長崎市,4.0,0.0,14.27945205479452,3.3981263422227186,19.886360519462006
444,G,Cust_熊本市,3.0,0.0,17.671232876712327,3.669817228601109,23.726431303904157
445,G,Cust_大分市,4.0,0.0,4.580821917808219,2.155719493694103,8.137759082403488
446,G,Cust_宮崎市,3.0,0.0,30.953424657534242,4.783004588411716,38.84538222841357
447,G,Cust_鹿児島市,4.0,0.0,75.82465753424657,7.449024411999007,88.11554781404493
448,H,Plnt_Chiba,26.0,0.0,7.008219178082192,4.110752231389404,199.27182269753956
449,H,DC_山形市,4.0,0.0,5.852054794520548,2.2982932645023615,9.644238680949444
450,H,Plnt_Odawara,26.0,0.0,31.276712328767122,22.02115940837348,852.6757536685269
451,H,DC_大津市,4.0,0.0,48.31780821917808,5.980300831684494,58.185304591457495
452,H,DC_盛岡市,4.0,0.0,6.465753424657534,2.4711106465817982,10.5430859915175
453,H,DC_宮崎市,5.0,0.0,12.027397260273974,3.244776602023165,17.381278653612195
454,H,DC_福岡市,5.0,0.0,19.671232876712327,3.951660698991213,26.191473030047828
455,H,DC_高松市,4.0,0.0,20.54794520547945,3.825273931378369,26.85964719225376
456,H,DC_さいたま市,4.0,0.0,14.904109589041095,3.1983529056142035,20.18139188330453
457,H,DC_岐阜市,4.0,0.0,26.586301369863012,4.461459038003025,33.947708782568
458,H,DC_熊本市,5.0,0.0,5.36986301369863,2.3924334980276054,9.317378285444178
459,H,DC_札幌市,5.0,0.0,1.0136986301369864,1.5357737441479065,3.547725307981032
460,H,Cust_札幌市,4.0,0.0,0.810958904109589,1.3736377959896355,3.0774612674924873
461,H,Cust_青森市,4.0,0.0,2.706849315068493,1.8957751785264256,5.834878359637095
462,H,Cust_盛岡市,3.0,0.0,1.4794520547945205,1.4746057430524158,3.9125515308310064
463,H,Cust_仙台市,4.0,0.0,2.4438356164383563,1.7807290812141665,5.3820386004417315
464,H,Cust_秋田市,4.0,0.0,1.7863013698630137,1.6390921583232678,4.490803431096405
465,H,Cust_山形市,4.0,0.0,0.6684931506849315,1.2679703510405183,2.7606442299017866
466,H,Cust_福島市,4.0,0.0,1.326027397260274,1.5718842910573976,3.91963647750498
467,H,Cust_水戸市,4.0,0.0,1.347945205479452,1.5507005044229556,3.906601037777329
468,H,Cust_宇都宮市,4.0,0.0,2.0821917808219177,1.8042723830328125,5.059241212826058
469,H,Cust_前橋市,4.0,0.0,0.8438356164383561,1.3893045991522277,3.1361882050395318
470,H,Cust_さいたま市,3.0,0.0,0.5424657534246575,1.1861701208589515,2.4996464528419273
471,H,Cust_千葉市,4.0,0.0,0.7342465753424657,1.3723815675857114,2.9986761618588895
472,H,Cust_新宿区,4.0,0.0,1.1397260273972603,1.49737283184735,3.6103911999453873
473,H,Cust_横浜市,4.0,0.0,4.383561643835616,2.186155725792925,7.990718591393943
474,H,Cust_新潟市,4.0,0.0,1.4136986301369863,1.5199057989366993,3.92154319838254
475,H,Cust_富山市,4.0,0.0,13.512328767123288,3.304837392249337,18.965310464334692
476,H,Cust_金沢市,4.0,0.0,1.621917808219178,1.6533312737602006,4.3499144099235085
477,H,Cust_福井市,4.0,0.0,1.2273972602739727,1.4816303044002843,3.6720872625344416
478,H,Cust_甲府市,4.0,0.0,0.8986301369863013,1.3926605939353391,3.1965201169796105
479,H,Cust_長野市,4.0,0.0,1.2712328767123289,1.5782025910002655,3.875267151862767
480,H,Cust_岐阜市,3.0,0.0,0.5753424657534246,1.124092269058259,2.430094709699552
481,H,Cust_静岡市,4.0,0.0,1.4794520547945205,1.6209772477667264,4.154064513609619
482,H,Cust_名古屋市,4.0,0.0,9.457534246575342,2.842185407318007,14.147140168650054
483,H,Cust_津市,4.0,0.0,8.241095890410959,2.6574947976237495,12.625962306490145
484,H,Cust_大津市,4.0,0.0,4.920547945205479,2.2438106537111877,8.62283552382894
485,H,Cust_京都市,4.0,0.0,19.75890410958904,3.900295573849586,26.194391806440855
486,H,Cust_大阪市,4.0,0.0,0.8657534246575342,1.393973995624105,3.1658105174373077
487,H,Cust_神戸市,4.0,0.0,12.471232876712328,3.187323408791046,17.730316501217555
488,H,Cust_奈良市,4.0,0.0,0.9095890410958904,1.433721831628431,3.2752300632828018
489,H,Cust_和歌山市,4.0,0.0,1.1506849315068493,1.498769820160249,3.6236551347712602
490,H,Cust_松江市,4.0,0.0,12.087671232876712,3.132254091176331,17.255890483317657
491,H,Cust_岡山市,4.0,0.0,1.106849315068493,1.4659048699494688,3.5255923504851165
492,H,Cust_広島市,4.0,0.0,4.383561643835616,2.1840491693894006,7.987242773328127
493,H,Cust_山口市,4.0,0.0,3.5397260273972604,1.9905473771850233,6.824129199752549
494,H,Cust_徳島市,4.0,0.0,1.5452054794520549,1.5820943110467995,4.155661092679274
495,H,Cust_高松市,3.0,0.0,0.5013698630136987,1.1661881769726836,2.4255803550186266
496,H,Cust_松山市,4.0,0.0,0.7561643835616438,1.3048737593825044,2.909206086542776
497,H,Cust_福岡市,3.0,0.0,6.7315068493150685,2.3678117763678665,10.638396280322048
498,H,Cust_佐賀市,4.0,0.0,3.221917808219178,1.9444134883423383,6.430200063984036
499,H,Cust_長崎市,4.0,0.0,1.4904109589041097,1.5952344479502338,4.122547798021996
500,H,Cust_熊本市,3.0,0.0,1.4301369863013698,1.5005529081268512,3.906049284710674
501,H,Cust_大分市,4.0,0.0,0.8986301369863013,1.4241252442030905,3.2484367899214006
502,H,Cust_宮崎市,3.0,0.0,2.3917808219178083,1.6964676998957744,5.190952526745836
503,H,Cust_鹿児島市,4.0,0.0,6.432876712328767,2.4419595787719395,10.462110017302468
504,J,Plnt_Chiba,26.0,0.0,3.419178082191781,1.9321355217074083,100.59333889368729
505,J,DC_山形市,4.0,0.0,3.1232876712328768,1.8902897683188487,6.242265788958977
506,J,Plnt_Odawara,25.0,0.0,5.142465753424657,2.2055074550148657,140.81367840775786
507,J,DC_宮崎市,5.0,0.0,1.9726027397260273,1.8240785409003297,4.982332332211572
508,J,DC_福岡市,5.0,0.0,3.3972602739726026,2.085635629821881,6.838559063178707
509,J,DC_岐阜市,4.0,0.0,3.9452054794520546,2.0360095845903174,7.304621294026078
510,J,DC_大津市,4.0,0.0,6.115068493150685,2.3145911574330857,9.934143902915276
511,J,DC_熊本市,5.0,0.0,2.1232876712328768,1.8009796816353103,5.094904145931139
512,J,DC_札幌市,5.0,0.0,0.904109589041096,1.4811058774670605,3.3479342868617454
513,J,DC_高松市,4.0,0.0,4.515068493150685,1.9985533008407272,7.812681439537885
514,J,DC_盛岡市,4.0,0.0,2.2904109589041095,1.7660897580795747,5.204459059735408
515,J,DC_さいたま市,4.0,0.0,7.53972602739726,2.3955173868545807,11.492329715707319
516,J,Cust_札幌市,4.0,0.0,0.7232876712328767,1.3247413695563284,2.9091109310008187
517,J,Cust_青森市,4.0,0.0,0.7561643835616438,1.3605586426460108,3.0010861439275613
518,J,Cust_盛岡市,3.0,0.0,0.6410958904109589,1.1980848879179662,2.6179359554756028
519,J,Cust_仙台市,4.0,0.0,0.7561643835616438,1.3427595335172342,2.97171761386508
520,J,Cust_秋田市,4.0,0.0,0.6794520547945205,1.2820878705396488,2.794897041184941
521,J,Cust_山形市,4.0,0.0,0.8657534246575342,1.3515031220244749,3.095733575997918
522,J,Cust_福島市,4.0,0.0,0.7561643835616438,1.333587914432851,2.956584442375848
523,J,Cust_水戸市,4.0,0.0,0.7123287671232876,1.3120770436623241,2.877255889166122
524,J,Cust_宇都宮市,4.0,0.0,0.6794520547945205,1.2923918083553518,2.811898538580851
525,J,Cust_前橋市,4.0,0.0,0.6684931506849315,1.3187437249410308,2.844420296837632
526,J,Cust_さいたま市,3.0,0.0,0.6082191780821917,1.211048888593782,2.606449844261932
527,J,Cust_千葉市,4.0,0.0,0.6136986301369863,1.2603703227597278,2.6933096626905373
528,J,Cust_新宿区,4.0,0.0,0.9424657534246575,1.3933066284081541,3.241421690298112
529,J,Cust_横浜市,4.0,0.0,0.7671232876712328,1.3885630072058417,3.0582522495608715
530,J,Cust_新潟市,4.0,0.0,0.7452054794520548,1.301773176609903,2.8931312208583946
531,J,Cust_富山市,4.0,0.0,0.821917808219178,1.3589539674243387,3.064191854469337
532,J,Cust_金沢市,4.0,0.0,0.7342465753424657,1.2986227854522967,2.8769741713387553
533,J,Cust_福井市,4.0,0.0,0.7232876712328767,1.3432566862306146,2.9396612035133907
534,J,Cust_甲府市,4.0,0.0,0.6904109589041096,1.3154759602926913,2.86094629338705
535,J,Cust_長野市,4.0,0.0,0.8657534246575342,1.3689677148161754,3.1245501541042238
536,J,Cust_岐阜市,3.0,0.0,0.5506849315068493,1.1885173012147368,2.5117384785111647
537,J,Cust_静岡市,4.0,0.0,0.7890410958904109,1.3685215636478885,3.0471016759094267
538,J,Cust_名古屋市,4.0,0.0,0.9315068493150684,1.4302769373488478,3.2914637959406674
539,J,Cust_津市,4.0,0.0,0.9095890410958904,1.476512783940267,3.3458351345973307
540,J,Cust_大津市,4.0,0.0,0.9095890410958904,1.3867151012898327,3.1976689582241145
541,J,Cust_京都市,4.0,0.0,1.1616438356164382,1.486951815484758,3.615114331166289
542,J,Cust_大阪市,4.0,0.0,0.8,1.4272421017293857,3.154949467853486
543,J,Cust_神戸市,4.0,0.0,0.8767123287671232,1.4274905698255655,3.2320717689793064
544,J,Cust_奈良市,4.0,0.0,0.7452054794520548,1.3306841971805488,2.9408344047999604
545,J,Cust_和歌山市,4.0,0.0,0.7123287671232876,1.3311184144532073,2.9086741509710796
546,J,Cust_松江市,4.0,0.0,0.9643835616438357,1.4286896737119787,3.3217215232686006
547,J,Cust_岡山市,4.0,0.0,0.6904109589041096,1.2957261802537994,2.828359156322879
548,J,Cust_広島市,4.0,0.0,0.7452054794520548,1.3306841971805488,2.9408344047999604
549,J,Cust_山口市,4.0,0.0,0.8657534246575342,1.4177026331339972,3.20496276932863
550,J,Cust_徳島市,4.0,0.0,0.7342465753424657,1.327735621126533,2.9250103502012452
551,J,Cust_高松市,3.0,0.0,0.4931506849315068,1.1042583615899744,2.3151769815549645
552,J,Cust_松山市,4.0,0.0,0.7232876712328767,1.3247413695563284,2.9091109310008187
553,J,Cust_福岡市,3.0,0.0,0.7150684931506849,1.2420816477087904,2.764503211870189
554,J,Cust_佐賀市,4.0,0.0,0.8986301369863013,1.3760937507127444,3.1691848256623296
555,J,Cust_長崎市,4.0,0.0,0.6246575342465753,1.2641427634656692,2.7104930939649297
556,J,Cust_熊本市,3.0,0.0,0.36164383561643837,1.0253028860189832,2.0533935975477604
557,J,Cust_大分市,4.0,0.0,0.5917808219178082,1.2526302683399122,2.6586207646786635
558,J,Cust_宮崎市,3.0,0.0,0.5178082191780822,1.1475063320848649,2.411193667118109
559,J,Cust_鹿児島市,4.0,0.0,0.8876712328767123,1.4143093521440746,3.2212816639144353
