,from_node,to_node,dist,cost,lead_time,stage_time,kind
0,Odawara,札幌市,884.5632518037623,884.5632518037623,5,2,plnt-dc
1,Odawara,青森市,630.5865497272779,630.5865497272779,4,1,plnt-dc
2,Odawara,盛岡市,520.7235953162224,520.7235953162224,4,1,plnt-dc
3,Odawara,仙台市,363.8012781224668,363.8012781224668,4,1,plnt-dc
4,Odawara,秋田市,499.4303150297399,499.4303150297399,4,2,plnt-dc
5,Odawara,山形市,344.6915033348299,344.6915033348299,4,1,plnt-dc
6,Odawara,福島市,296.71257007297805,296.71257007297805,4,1,plnt-dc
7,Odawara,水戸市,162.8278037497931,162.8278037497931,4,1,plnt-dc
8,Odawara,宇都宮市,155.29377899150643,155.29377899150643,4,1,plnt-dc
9,Odawara,前橋市,123.59924229445112,123.59924229445112,4,1,plnt-dc
10,Odawara,さいたま市,75.64178353656084,75.64178353656084,4,1,plnt-dc
11,Odawara,千葉市,91.20695349058666,91.20695349058666,4,2,plnt-dc
12,Odawara,新宿区,63.52610483758327,63.52610483758327,4,1,plnt-dc
13,Odawara,横浜市,44.338408637334545,44.338408637334545,4,1,plnt-dc
14,Odawara,新潟市,291.4311511096671,291.4311511096671,4,1,plnt-dc
15,Odawara,富山市,237.64045489928725,237.64045489928725,4,2,plnt-dc
16,Odawara,金沢市,273.4008333867309,273.4008333867309,4,1,plnt-dc
17,Odawara,福井市,282.30132378854285,282.30132378854285,4,2,plnt-dc
18,Odawara,甲府市,70.76082781833408,70.76082781833408,4,2,plnt-dc
19,Odawara,長野市,177.28030610339604,177.28030610339604,4,2,plnt-dc
20,Odawara,岐阜市,224.70742031978003,224.70742031978003,4,1,plnt-dc
21,Odawara,静岡市,81.48865309642458,81.48865309642458,4,2,plnt-dc
22,Odawara,名古屋市,208.26373978875117,208.26373978875117,4,1,plnt-dc
23,Odawara,津市,252.4143923892784,252.4143923892784,4,2,plnt-dc
24,Odawara,大津市,304.1672352386158,304.1672352386158,4,1,plnt-dc
25,Odawara,京都市,314.1531816306047,314.1531816306047,4,2,plnt-dc
26,Odawara,大阪市,341.4297198261712,341.4297198261712,4,2,plnt-dc
27,Odawara,神戸市,371.46870831441925,371.46870831441925,4,1,plnt-dc
28,Odawara,奈良市,313.5637524064171,313.5637524064171,4,1,plnt-dc
29,Odawara,和歌山市,386.38275227911515,386.38275227911515,4,1,plnt-dc
30,Odawara,鳥取市,450.007573755319,450.007573755319,4,1,plnt-dc
31,Odawara,松江市,557.4702414260007,557.4702414260007,4,2,plnt-dc
32,Odawara,岡山市,484.29409115816657,484.29409115816657,4,1,plnt-dc
33,Odawara,広島市,622.5685786019127,622.5685786019127,4,2,plnt-dc
34,Odawara,山口市,716.1867282151425,716.1867282151425,4,2,plnt-dc
35,Odawara,徳島市,445.09481301505105,445.09481301505105,4,1,plnt-dc
36,Odawara,高松市,481.94152864388775,481.94152864388775,4,1,plnt-dc
37,Odawara,松山市,610.1398425148448,610.1398425148448,4,2,plnt-dc
38,Odawara,高知市,553.7934060028848,553.7934060028848,4,2,plnt-dc
39,Odawara,福岡市,825.9795897199035,825.9795897199035,5,2,plnt-dc
40,Odawara,佐賀市,848.0035038226873,848.0035038226873,5,2,plnt-dc
41,Odawara,長崎市,904.0423046337796,904.0423046337796,5,2,plnt-dc
42,Odawara,熊本市,826.6202923954996,826.6202923954996,5,1,plnt-dc
43,Odawara,大分市,732.9240734946309,732.9240734946309,4,1,plnt-dc
44,Odawara,宮崎市,811.384445298151,811.384445298151,5,2,plnt-dc
45,Odawara,鹿児島市,901.8432402202266,901.8432402202266,5,2,plnt-dc
46,Odawara,那覇市,1490.7437028590155,1490.7437028590155,5,2,plnt-dc
47,Osaka,札幌市,1075.2521038594232,1075.2521038594232,5,2,plnt-dc
48,Osaka,青森市,838.7969541777197,838.7969541777197,5,1,plnt-dc
49,Osaka,盛岡市,764.7596675032074,764.7596675032074,4,2,plnt-dc
50,Osaka,仙台市,638.7003726400725,638.7003726400725,4,2,plnt-dc
51,Osaka,秋田市,707.7515237280666,707.7515237280666,4,1,plnt-dc
52,Osaka,山形市,602.587735811268,602.587735811268,4,1,plnt-dc
53,Osaka,福島市,575.4723114429931,575.4723114429931,4,1,plnt-dc
54,Osaka,水戸市,496.7140059649041,496.7140059649041,4,2,plnt-dc
55,Osaka,宇都宮市,461.3996325880579,461.3996325880579,4,1,plnt-dc
56,Osaka,前橋市,387.6373565963882,387.6373565963882,4,1,plnt-dc
57,Osaka,さいたま市,410.6215620788552,410.6215620788552,4,1,plnt-dc
58,Osaka,千葉市,443.7375095148016,443.7375095148016,4,2,plnt-dc
59,Osaka,新宿区,408.5545256064206,408.5545256064206,4,2,plnt-dc
60,Osaka,横浜市,397.35843066979135,397.35843066979135,4,2,plnt-dc
61,Osaka,新潟市,492.46454299663884,492.46454299663884,4,1,plnt-dc
62,Osaka,富山市,287.3296549153806,287.3296549153806,4,2,plnt-dc
63,Osaka,金沢市,250.99658473779098,250.99658473779098,4,1,plnt-dc
64,Osaka,福井市,182.37034249405326,182.37034249405326,4,1,plnt-dc
65,Osaka,甲府市,311.81825447246507,311.81825447246507,4,2,plnt-dc
66,Osaka,長野市,341.21456219385317,341.21456219385317,4,1,plnt-dc
67,Osaka,岐阜市,150.52822585603676,150.52822585603676,4,2,plnt-dc
68,Osaka,静岡市,274.9603647189255,274.9603647189255,4,1,plnt-dc
69,Osaka,名古屋市,152.39479228438017,152.39479228438017,4,2,plnt-dc
70,Osaka,津市,101.74077466336384,101.74077466336384,4,1,plnt-dc
71,Osaka,大津市,64.19775119275164,64.19775119275164,4,2,plnt-dc
72,Osaka,京都市,59.69300685920146,59.69300685920146,4,2,plnt-dc
73,Osaka,大阪市,16.733841865850156,16.733841865850156,4,1,plnt-dc
74,Osaka,神戸市,25.580743478676975,25.580743478676975,4,2,plnt-dc
75,Osaka,奈良市,40.55894222571765,40.55894222571765,4,1,plnt-dc
76,Osaka,和歌山市,43.82205107662422,43.82205107662422,4,2,plnt-dc
77,Osaka,鳥取市,149.72115091697597,149.72115091697597,4,1,plnt-dc
78,Osaka,松江市,237.87041101879137,237.87041101879137,4,1,plnt-dc
79,Osaka,岡山市,135.89552730491215,135.89552730491215,4,2,plnt-dc
80,Osaka,広島市,271.5451107994728,271.5451107994728,4,1,plnt-dc
81,Osaka,山口市,364.341558128003,364.341558128003,4,2,plnt-dc
82,Osaka,徳島市,96.09077253500175,96.09077253500175,4,2,plnt-dc
83,Osaka,高松市,128.1986367869933,128.1986367869933,4,1,plnt-dc
84,Osaka,松山市,256.4737996312563,256.4737996312563,4,1,plnt-dc
85,Osaka,高知市,206.31494292730642,206.31494292730642,4,1,plnt-dc
86,Osaka,福岡市,472.27309572044345,472.27309572044345,4,2,plnt-dc
87,Osaka,佐賀市,494.1689119999049,494.1689119999049,4,2,plnt-dc
88,Osaka,長崎市,551.2273035462647,551.2273035462647,4,1,plnt-dc
89,Osaka,熊本市,475.22248000763636,475.22248000763636,4,1,plnt-dc
90,Osaka,大分市,380.5925653002802,380.5925653002802,4,2,plnt-dc
91,Osaka,宮崎市,474.0023725037498,474.0023725037498,4,1,plnt-dc
92,Osaka,鹿児島市,562.3370794221146,562.3370794221146,4,1,plnt-dc
93,Osaka,那覇市,1187.5731003805947,1187.5731003805947,5,2,plnt-dc
94,Chiba,札幌市,842.9408282032857,842.9408282032857,5,2,plnt-dc
95,Chiba,青森市,589.759025398277,589.759025398277,4,2,plnt-dc
96,Chiba,盛岡市,471.5348518023969,471.5348518023969,4,2,plnt-dc
97,Chiba,仙台市,310.4559696941168,310.4559696941168,4,1,plnt-dc
98,Chiba,秋田市,464.2581734723847,464.2581734723847,4,1,plnt-dc
99,Chiba,山形市,300.7239350534659,300.7239350534659,4,2,plnt-dc
100,Chiba,福島市,247.37947823866176,247.37947823866176,4,2,plnt-dc
101,Chiba,水戸市,93.64728454597112,93.64728454597112,4,2,plnt-dc
102,Chiba,宇都宮市,115.55306126099927,115.55306126099927,4,1,plnt-dc
103,Chiba,前橋市,133.66177627375023,133.66177627375023,4,2,plnt-dc
104,Chiba,さいたま市,54.574043302273495,54.574043302273495,4,2,plnt-dc
105,Chiba,千葉市,6.8658305049858415,6.8658305049858415,4,1,plnt-dc
106,Chiba,新宿区,41.47649663571026,41.47649663571026,4,2,plnt-dc
107,Chiba,横浜市,43.98273052358314,43.98273052358314,4,2,plnt-dc
108,Chiba,新潟市,279.6997130615699,279.6997130615699,4,1,plnt-dc
109,Chiba,富山市,290.4532958918689,290.4532958918689,4,1,plnt-dc
110,Chiba,金沢市,334.5780407798438,334.5780407798438,4,1,plnt-dc
111,Chiba,福井市,355.72110613340766,355.72110613340766,4,2,plnt-dc
112,Chiba,甲府市,140.3724397948084,140.3724397948084,4,2,plnt-dc
113,Chiba,長野市,212.91052688075413,212.91052688075413,4,2,plnt-dc
114,Chiba,岐阜市,307.6112040044353,307.6112040044353,4,1,plnt-dc
115,Chiba,静岡市,169.30430174682112,169.30430174682112,4,1,plnt-dc
116,Chiba,名古屋市,293.6121459901842,293.6121459901842,4,1,plnt-dc
117,Chiba,津市,340.05774105657684,340.05774105657684,4,1,plnt-dc
118,Chiba,大津市,390.01215315752853,390.01215315752853,4,1,plnt-dc
119,Chiba,京都市,399.8096680439931,399.8096680439931,4,2,plnt-dc
120,Chiba,大阪市,428.5352660466995,428.5352660466995,4,2,plnt-dc
121,Chiba,神戸市,458.32784252513267,458.32784252513267,4,2,plnt-dc
122,Chiba,奈良市,400.88733915113215,400.88733915113215,4,2,plnt-dc
123,Chiba,和歌山市,474.29665988733615,474.29665988733615,4,2,plnt-dc
124,Chiba,鳥取市,531.6743491303821,531.6743491303821,4,2,plnt-dc
125,Chiba,松江市,639.2640093413747,639.2640093413747,4,1,plnt-dc
126,Chiba,岡山市,570.4888719897417,570.4888719897417,4,2,plnt-dc
127,Chiba,広島市,708.8390978255279,708.8390978255279,4,1,plnt-dc
128,Chiba,山口市,802.5456164630176,802.5456164630176,5,2,plnt-dc
129,Chiba,徳島市,532.9950402192931,532.9950402192931,4,2,plnt-dc
130,Chiba,高松市,569.1722871311482,569.1722871311482,4,2,plnt-dc
131,Chiba,松山市,697.7251558106298,697.7251558106298,4,1,plnt-dc
132,Chiba,高知市,641.7841518903915,641.7841518903915,4,1,plnt-dc
133,Chiba,福岡市,913.0418131888265,913.0418131888265,5,2,plnt-dc
134,Chiba,佐賀市,935.5033444391952,935.5033444391952,5,2,plnt-dc
135,Chiba,長崎市,991.8636606672545,991.8636606672545,5,1,plnt-dc
136,Chiba,熊本市,914.5615175959479,914.5615175959479,5,2,plnt-dc
137,Chiba,大分市,820.7814139481048,820.7814139481048,5,2,plnt-dc
138,Chiba,宮崎市,898.9446424908992,898.9446424908992,5,1,plnt-dc
139,Chiba,鹿児島市,989.4616254484288,989.4616254484288,5,2,plnt-dc
140,Chiba,那覇市,1573.666437270787,1573.666437270787,5,1,plnt-dc
141,札幌市,札幌市,3.536620440947048e-13,3.536620440947048e-12,4,2,dc-cust
142,青森市,青森市,0.0,0.0,3,1,dc-cust
143,盛岡市,青森市,129.45174502516338,1294.5174502516338,4,1,dc-cust
144,秋田市,青森市,134.33114124542257,1343.3114124542258,4,1,dc-cust
145,青森市,盛岡市,129.45174502516355,1294.5174502516354,4,1,dc-cust
146,盛岡市,盛岡市,0.0,0.0,3,2,dc-cust
147,仙台市,盛岡市,161.36595441613483,1613.6595441613483,4,1,dc-cust
148,秋田市,盛岡市,89.83162916222581,898.3162916222581,4,1,dc-cust
149,山形市,盛岡市,176.40763893024175,1764.0763893024175,4,2,dc-cust
150,盛岡市,仙台市,161.3659544161345,1613.6595441613451,4,2,dc-cust
151,仙台市,仙台市,0.0,0.0,3,1,dc-cust
152,秋田市,仙台市,174.37634434730637,1743.7634434730637,4,2,dc-cust
153,山形市,仙台市,44.522184645026606,445.22184645026607,4,2,dc-cust
154,福島市,仙台市,67.69668084883808,676.9668084883808,4,2,dc-cust
155,新潟市,仙台市,166.82259214784463,1668.2259214784463,4,1,dc-cust
156,青森市,秋田市,134.33114124542212,1343.3114124542212,4,1,dc-cust
157,盛岡市,秋田市,89.83162916222581,898.3162916222581,4,1,dc-cust
158,仙台市,秋田市,174.37634434730572,1743.7634434730571,4,2,dc-cust
159,秋田市,秋田市,0.0,0.0,3,1,dc-cust
160,山形市,秋田市,165.89088753039113,1658.9088753039114,4,1,dc-cust
161,盛岡市,山形市,176.4076389302416,1764.076389302416,4,1,dc-cust
162,仙台市,山形市,44.52218464502658,445.2218464502658,4,1,dc-cust
163,秋田市,山形市,165.89088753038988,1658.9088753038986,4,1,dc-cust
164,山形市,山形市,7.073240881894094e-13,7.0732408818940936e-12,4,1,dc-cust
165,福島市,山形市,55.31040959175612,553.1040959175612,4,1,dc-cust
166,宇都宮市,山形市,190.98104438000775,1909.8104438000773,4,1,dc-cust
167,新潟市,山形市,123.1611149049393,1231.611149049393,4,1,dc-cust
168,仙台市,福島市,67.69668084883848,676.9668084883848,4,2,dc-cust
169,山形市,福島市,55.310409591756226,553.1040959175623,4,1,dc-cust
170,福島市,福島市,0.0,0.0,3,1,dc-cust
171,水戸市,福島市,156.6417100639328,1566.417100639328,4,1,dc-cust
172,宇都宮市,福島市,141.4841379469348,1414.8413794693479,4,2,dc-cust
173,前橋市,福島市,195.9881458895055,1959.881458895055,4,1,dc-cust
174,新潟市,福島市,127.96485863592653,1279.6485863592652,4,1,dc-cust
175,福島市,水戸市,156.64171006393346,1566.4171006393346,4,2,dc-cust
176,水戸市,水戸市,1.0609861322841144e-12,1.0609861322841144e-11,4,2,dc-cust
177,宇都宮市,水戸市,56.20380728598191,562.0380728598191,4,1,dc-cust
178,前橋市,水戸市,124.20887573463902,1242.0887573463901,4,1,dc-cust
179,さいたま市,水戸市,89.66204246328758,896.6204246328757,4,2,dc-cust
180,千葉市,水戸市,86.92831647314864,869.2831647314864,4,1,dc-cust
181,新宿区,水戸市,99.32944686258215,993.2944686258214,4,2,dc-cust
182,横浜市,水戸市,122.96531890531355,1229.6531890531355,4,2,dc-cust
183,甲府市,水戸市,184.99607693046468,1849.9607693046469,4,1,dc-cust
184,山形市,宇都宮市,190.98104438000766,1909.8104438000767,4,1,dc-cust
185,福島市,宇都宮市,141.48413794693468,1414.8413794693467,4,1,dc-cust
186,水戸市,宇都宮市,56.20380728598164,562.0380728598163,4,1,dc-cust
187,宇都宮市,宇都宮市,0.0,0.0,3,2,dc-cust
188,前橋市,宇都宮市,76.08646731421803,760.8646731421802,4,2,dc-cust
189,さいたま市,宇都宮市,81.58942047863263,815.8942047863263,4,1,dc-cust
190,千葉市,宇都宮市,109.01999054988264,1090.1999054988264,4,2,dc-cust
191,新宿区,宇都宮市,98.96317611111601,989.6317611111601,4,2,dc-cust
192,横浜市,宇都宮市,126.19908751985881,1261.9908751985881,4,2,dc-cust
193,新潟市,宇都宮市,166.96675420454875,1669.6675420454876,4,2,dc-cust
194,甲府市,宇都宮市,154.97228340427634,1549.7228340427635,4,1,dc-cust
195,長野市,宇都宮市,152.2596146191391,1522.5961461913907,4,2,dc-cust
196,福島市,前橋市,195.98814588950594,1959.8814588950595,4,1,dc-cust
197,水戸市,前橋市,124.20887573463895,1242.0887573463895,4,2,dc-cust
198,宇都宮市,前橋市,76.08646731421793,760.8646731421793,4,1,dc-cust
199,前橋市,前橋市,0.0,0.0,3,2,dc-cust
200,さいたま市,前橋市,79.48378263358984,794.8378263358984,4,2,dc-cust
201,千葉市,前橋市,129.54536274677557,1295.4536274677557,4,2,dc-cust
202,新宿区,前橋市,96.4602431651138,964.602431651138,4,2,dc-cust
203,横浜市,前橋市,117.24394689458566,1172.4394689458566,4,2,dc-cust
204,新潟市,前橋市,168.0603786682307,1680.603786682307,4,1,dc-cust
205,富山市,前橋市,168.64315565718607,1686.4315565718607,4,1,dc-cust
206,甲府市,前橋市,92.19725262442677,921.9725262442677,4,1,dc-cust
207,長野市,前橋市,83.77007985178288,837.7007985178288,4,1,dc-cust
208,静岡市,前橋市,168.74213459269296,1687.4213459269297,4,1,dc-cust
209,水戸市,さいたま市,89.6620424632882,896.6204246328821,4,1,dc-cust
210,宇都宮市,さいたま市,81.58942047863292,815.8942047863292,4,1,dc-cust
211,前橋市,さいたま市,79.48378263358984,794.8378263358984,4,1,dc-cust
212,さいたま市,さいたま市,0.0,0.0,3,1,dc-cust
213,千葉市,さいたま市,51.19125964917086,511.9125964917086,4,1,dc-cust
214,新宿区,さいたま市,19.020849001853207,190.20849001853207,4,2,dc-cust
215,横浜市,さいたま市,45.50024366700965,455.0024366700965,4,2,dc-cust
216,甲府市,さいたま市,99.83475585937222,998.3475585937222,4,2,dc-cust
217,長野市,さいたま市,158.5074918938445,1585.074918938445,4,1,dc-cust
218,静岡市,さいたま市,150.77183633589584,1507.7183633589584,4,2,dc-cust
219,水戸市,千葉市,86.92831647314976,869.2831647314977,4,1,dc-cust
220,宇都宮市,千葉市,109.01999054988286,1090.1999054988287,4,2,dc-cust
221,前橋市,千葉市,129.54536274677562,1295.4536274677562,4,2,dc-cust
222,さいたま市,千葉市,51.19125964917078,511.9125964917078,4,1,dc-cust
223,千葉市,千葉市,0.0,0.0,3,2,dc-cust
224,新宿区,千葉市,40.1260771236499,401.260771236499,4,2,dc-cust
225,横浜市,千葉市,46.88207648460601,468.8207648460601,4,2,dc-cust
226,甲府市,千葉市,140.68407991474407,1406.8407991474407,4,2,dc-cust
227,静岡市,千葉市,172.68256426841128,1726.8256426841128,4,2,dc-cust
228,水戸市,新宿区,99.32944686258278,993.2944686258279,4,2,dc-cust
229,宇都宮市,新宿区,98.96317611111597,989.6317611111597,4,1,dc-cust
230,前橋市,新宿区,96.46024316511404,964.6024316511404,4,1,dc-cust
231,さいたま市,新宿区,19.020849001853428,190.2084900185343,4,2,dc-cust
232,千葉市,新宿区,40.1260771236499,401.260771236499,4,2,dc-cust
233,新宿区,新宿区,0.0,0.0,3,1,dc-cust
234,横浜市,新宿区,27.236943925009797,272.36943925009797,4,2,dc-cust
235,甲府市,新宿区,101.50614937956571,1015.0614937956572,4,2,dc-cust
236,長野市,新宿区,172.70060744435446,1727.0060744435445,4,2,dc-cust
237,静岡市,新宿区,142.715907934305,1427.15907934305,4,1,dc-cust
238,水戸市,横浜市,122.96531890531419,1229.653189053142,4,2,dc-cust
239,宇都宮市,横浜市,126.19908751985865,1261.9908751985865,4,1,dc-cust
240,前橋市,横浜市,117.24394689458586,1172.4394689458586,4,1,dc-cust
241,さいたま市,横浜市,45.50024366700959,455.0024366700959,4,2,dc-cust
242,千葉市,横浜市,46.882076484606024,468.82076484606023,4,1,dc-cust
243,新宿区,横浜市,27.236943925009886,272.3694392500989,4,2,dc-cust
244,横浜市,横浜市,0.0,0.0,3,1,dc-cust
245,甲府市,横浜市,100.09890652301348,1000.9890652301349,4,1,dc-cust
246,長野市,横浜市,187.53991858175377,1875.3991858175377,4,2,dc-cust
247,静岡市,横浜市,125.8263769194331,1258.263769194331,4,2,dc-cust
248,仙台市,新潟市,166.82259214784455,1668.2259214784453,4,2,dc-cust
249,山形市,新潟市,123.16111490493925,1231.6111490493925,4,1,dc-cust
250,福島市,新潟市,127.96485863592656,1279.6485863592657,4,1,dc-cust
251,宇都宮市,新潟市,166.96675420454866,1669.6675420454867,4,2,dc-cust
252,前橋市,新潟市,168.06037866823095,1680.6037866823094,4,2,dc-cust
253,新潟市,新潟市,0.0,0.0,3,1,dc-cust
254,長野市,新潟市,157.80109049980604,1578.0109049980604,4,1,dc-cust
255,前橋市,富山市,168.64315565718604,1686.4315565718605,4,2,dc-cust
256,富山市,富山市,0.0,0.0,3,2,dc-cust
257,金沢市,富山市,53.45539344634202,534.5539344634202,4,1,dc-cust
258,福井市,富山市,112.93041414726012,1129.3041414726013,4,1,dc-cust
259,甲府市,富山市,167.28503157169746,1672.8503157169746,4,2,dc-cust
260,長野市,富山市,86.62114073371716,866.2114073371715,4,2,dc-cust
261,岐阜市,富山市,151.53917673311724,1515.3917673311726,4,1,dc-cust
262,名古屋市,富山市,170.67940412500778,1706.7940412500777,4,1,dc-cust
263,富山市,金沢市,53.455393446342086,534.5539344634209,4,1,dc-cust
264,金沢市,金沢市,0.0,0.0,3,1,dc-cust
265,福井市,金沢市,69.06100427110124,690.6100427110124,4,2,dc-cust
266,長野市,金沢市,138.96451931780365,1389.6451931780366,4,1,dc-cust
267,岐阜市,金沢市,134.0866471412548,1340.866471412548,4,1,dc-cust
268,名古屋市,金沢市,159.2735366815555,1592.735366815555,4,1,dc-cust
269,大津市,金沢市,189.5292799841487,1895.292799841487,4,2,dc-cust
270,京都市,金沢市,191.7014559592945,1917.0145595929448,4,1,dc-cust
271,富山市,福井市,112.93041414726031,1129.304141472603,4,1,dc-cust
272,金沢市,福井市,69.06100427110134,690.6100427110134,4,2,dc-cust
273,福井市,福井市,0.0,0.0,3,2,dc-cust
274,長野市,福井市,187.14952090601403,1871.4952090601403,4,2,dc-cust
275,岐阜市,福井市,87.51539439055965,875.1539439055965,4,2,dc-cust
276,名古屋市,福井市,116.25110546774083,1162.5110546774083,4,2,dc-cust
277,津市,福井市,150.702146841645,1507.02146841645,4,1,dc-cust
278,大津市,福井市,122.22246898826866,1222.2246898826866,4,1,dc-cust
279,京都市,福井市,123.50679555125927,1235.0679555125928,4,1,dc-cust
280,大阪市,福井市,166.00767552490885,1660.0767552490884,4,1,dc-cust
281,神戸市,福井市,179.46797491783676,1794.6797491783675,4,2,dc-cust
282,奈良市,福井市,157.45297585780784,1574.5297585780784,4,1,dc-cust
283,鳥取市,福井市,189.51156007698143,1895.1156007698141,4,1,dc-cust
284,水戸市,甲府市,184.99607693046502,1849.9607693046503,4,1,dc-cust
285,宇都宮市,甲府市,154.97228340427665,1549.7228340427664,4,2,dc-cust
286,前橋市,甲府市,92.19725262442707,921.9725262442706,4,2,dc-cust
287,さいたま市,甲府市,99.83475585937225,998.3475585937225,4,2,dc-cust
288,千葉市,甲府市,140.68407991474407,1406.8407991474407,4,2,dc-cust
289,新宿区,甲府市,101.50614937956573,1015.0614937956573,4,2,dc-cust
290,横浜市,甲府市,100.09890652301338,1000.9890652301339,4,2,dc-cust
291,富山市,甲府市,167.28503157169726,1672.8503157169725,4,1,dc-cust
292,甲府市,甲府市,0.0,0.0,3,2,dc-cust
293,長野市,甲府市,115.17651492298089,1151.765149229809,4,2,dc-cust
294,岐阜市,甲府市,169.7914470695253,1697.914470695253,4,2,dc-cust
295,静岡市,甲府市,78.21301811561116,782.1301811561116,4,1,dc-cust
296,名古屋市,甲府市,159.88054910358804,1598.8054910358803,4,2,dc-cust
297,宇都宮市,長野市,152.2596146191391,1522.5961461913907,4,2,dc-cust
298,前橋市,長野市,83.77007985178302,837.7007985178302,4,1,dc-cust
299,さいたま市,長野市,158.50749189384453,1585.0749189384453,4,2,dc-cust
300,新宿区,長野市,172.70060744435443,1727.0060744435443,4,1,dc-cust
301,横浜市,長野市,187.53991858175402,1875.3991858175402,4,2,dc-cust
302,新潟市,長野市,157.80109049980555,1578.0109049980556,4,1,dc-cust
303,富山市,長野市,86.62114073371714,866.2114073371714,4,2,dc-cust
304,金沢市,長野市,138.96451931780365,1389.6451931780366,4,1,dc-cust
305,福井市,長野市,187.14952090601392,1871.4952090601391,4,1,dc-cust
306,甲府市,長野市,115.17651492298113,1151.7651492298112,4,1,dc-cust
307,長野市,長野市,0.0,0.0,3,1,dc-cust
308,岐阜市,長野市,191.96578931813457,1919.6578931813456,4,2,dc-cust
309,静岡市,長野市,187.0788109886332,1870.788109886332,4,2,dc-cust
310,名古屋市,長野市,199.82093270524115,1998.2093270524115,4,2,dc-cust
311,富山市,岐阜市,151.539176733117,1515.3917673311698,4,1,dc-cust
312,金沢市,岐阜市,134.08664714125462,1340.8664714125462,4,2,dc-cust
313,福井市,岐阜市,87.51539439055969,875.1539439055969,4,1,dc-cust
314,甲府市,岐阜市,169.79144706952536,1697.9144706952536,4,1,dc-cust
315,長野市,岐阜市,191.96578931813454,1919.6578931813453,4,1,dc-cust
316,岐阜市,岐阜市,0.0,0.0,3,1,dc-cust
317,静岡市,岐阜市,157.80483361015894,1578.0483361015895,4,1,dc-cust
318,名古屋市,岐阜市,28.80757347461223,288.0757347461223,4,2,dc-cust
319,津市,岐阜市,76.00960127596761,760.0960127596761,4,2,dc-cust
320,大津市,岐阜市,88.70485732326425,887.0485732326425,4,1,dc-cust
321,京都市,岐阜市,96.9714581476813,969.714581476813,4,1,dc-cust
322,大阪市,岐阜市,134.61047860344652,1346.1047860344652,4,1,dc-cust
323,神戸市,岐阜市,160.27360705398794,1602.7360705398794,4,2,dc-cust
324,奈良市,岐阜市,112.76950248853538,1127.6950248853539,4,2,dc-cust
325,和歌山市,岐阜市,192.16388528050143,1921.6388528050143,4,2,dc-cust
326,前橋市,静岡市,168.7421345926931,1687.421345926931,4,2,dc-cust
327,さいたま市,静岡市,150.77183633589584,1507.7183633589584,4,1,dc-cust
328,千葉市,静岡市,172.6825642684112,1726.825642684112,4,1,dc-cust
329,新宿区,静岡市,142.71590793430488,1427.1590793430487,4,2,dc-cust
330,横浜市,静岡市,125.82637691943299,1258.2637691943298,4,2,dc-cust
331,甲府市,静岡市,78.2130181156113,782.130181156113,4,1,dc-cust
332,長野市,静岡市,187.07881098863325,1870.7881098863324,4,1,dc-cust
333,岐阜市,静岡市,157.8048336101589,1578.048336101589,4,2,dc-cust
334,静岡市,静岡市,0.0,0.0,3,1,dc-cust
335,名古屋市,静岡市,136.2366276915934,1362.3662769159341,4,2,dc-cust
336,津市,静岡市,173.22278102775715,1732.2278102775715,4,1,dc-cust
337,富山市,名古屋市,170.6794041250065,1706.794041250065,4,2,dc-cust
338,金沢市,名古屋市,159.27353668155376,1592.7353668155376,4,1,dc-cust
339,福井市,名古屋市,116.25110546773915,1162.5110546773915,4,2,dc-cust
340,甲府市,名古屋市,159.88054910358733,1598.8054910358733,4,2,dc-cust
341,長野市,名古屋市,199.8209327052387,1998.209327052387,4,1,dc-cust
342,岐阜市,名古屋市,28.807573474610543,288.0757347461054,4,1,dc-cust
343,静岡市,名古屋市,136.23662769159378,1362.3662769159378,4,2,dc-cust
344,名古屋市,名古屋市,2.1219722645682284e-12,2.1219722645682284e-11,4,1,dc-cust
345,津市,名古屋市,61.80460637536443,618.0460637536443,4,2,dc-cust
346,大津市,名古屋市,96.47268697223105,964.7268697223104,4,2,dc-cust
347,京都市,名古屋市,106.19955759938881,1061.995575993888,4,1,dc-cust
348,大阪市,名古屋市,137.82102868752455,1378.2102868752454,4,2,dc-cust
349,神戸市,名古屋市,166.25494995924987,1662.5494995924987,4,2,dc-cust
350,奈良市,名古屋市,112.30769574143092,1123.0769574143092,4,1,dc-cust
351,和歌山市,名古屋市,191.13210415570916,1911.3210415570916,4,1,dc-cust
352,福井市,津市,150.70214684164486,1507.0214684164487,4,2,dc-cust
353,岐阜市,津市,76.00960127596758,760.0960127596759,4,1,dc-cust
354,静岡市,津市,173.22278102775724,1732.2278102775724,4,2,dc-cust
355,名古屋市,津市,61.804606375363115,618.0460637536312,4,1,dc-cust
356,津市,津市,0.0,0.0,3,2,dc-cust
357,大津市,津市,65.89083348341383,658.9083348341383,4,1,dc-cust
358,京都市,津市,75.94016858846726,759.4016858846726,4,1,dc-cust
359,大阪市,津市,90.49933369707418,904.9933369707418,4,1,dc-cust
360,神戸市,津市,121.24002113119552,1212.4002113119552,4,2,dc-cust
361,奈良市,津市,61.97966528938739,619.7966528938739,4,1,dc-cust
362,和歌山市,津市,135.10790240649172,1351.0790240649171,4,1,dc-cust
363,徳島市,津市,193.49382552835468,1934.9382552835468,4,1,dc-cust
364,金沢市,大津市,189.52927998414927,1895.2927998414928,4,2,dc-cust
365,福井市,大津市,122.22246898826955,1222.2246898826957,4,1,dc-cust
366,岐阜市,大津市,88.7048573232661,887.0485732326609,4,2,dc-cust
367,名古屋市,大津市,96.47268697223292,964.7268697223292,4,2,dc-cust
368,津市,大津市,65.89083348341596,658.9083348341596,4,1,dc-cust
369,大津市,大津市,2.317498127907252e-12,2.3174981279072523e-11,4,1,dc-cust
370,京都市,大津市,10.441621891645045,104.41621891645045,4,2,dc-cust
371,大阪市,大津市,47.5518224725754,475.518224725754,4,2,dc-cust
372,神戸市,大津市,71.56941566321186,715.6941566321186,4,2,dc-cust
373,奈良市,大津市,35.63699855576033,356.3699855576033,4,2,dc-cust
374,和歌山市,大津市,107.7187353049132,1077.187353049132,4,1,dc-cust
375,鳥取市,大津市,158.07008495753257,1580.7008495753257,4,2,dc-cust
376,岡山市,大津市,180.5232900163837,1805.232900163837,4,1,dc-cust
377,徳島市,大津市,158.9545982638396,1589.5459826383963,4,1,dc-cust
378,高松市,大津市,182.49982467551465,1824.9982467551465,4,1,dc-cust
379,金沢市,京都市,191.7014559592946,1917.0145595929462,4,2,dc-cust
380,福井市,京都市,123.50679555125957,1235.0679555125957,4,1,dc-cust
381,岐阜市,京都市,96.97145814768137,969.7145814768137,4,1,dc-cust
382,名古屋市,京都市,106.19955759938847,1061.9955759938848,4,1,dc-cust
383,津市,京都市,75.9401685884673,759.401685884673,4,2,dc-cust
384,大津市,京都市,10.441621891647282,104.41621891647281,4,1,dc-cust
385,京都市,京都市,0.0,0.0,3,1,dc-cust
386,大阪市,京都市,43.006905827515546,430.06905827515544,4,2,dc-cust
387,神戸市,京都市,63.83768799403182,638.3768799403182,4,1,dc-cust
388,奈良市,京都市,38.032200396357034,380.32200396357035,4,2,dc-cust
389,和歌山市,京都市,103.51505728194664,1035.1505728194663,4,1,dc-cust
390,鳥取市,京都市,147.81892694293077,1478.1892694293078,4,2,dc-cust
391,岡山市,京都市,170.89156062195704,1708.9156062195705,4,2,dc-cust
392,徳島市,京都市,152.61389525336298,1526.13895253363,4,1,dc-cust
393,高松市,京都市,173.91787064577204,1739.1787064577204,4,1,dc-cust
394,福井市,大阪市,166.00767552490893,1660.0767552490893,4,2,dc-cust
395,岐阜市,大阪市,134.61047860344658,1346.1047860344659,4,1,dc-cust
396,名古屋市,大阪市,137.821028687524,1378.21028687524,4,1,dc-cust
397,津市,大阪市,90.49933369707419,904.9933369707419,4,2,dc-cust
398,大津市,大阪市,47.55182247257709,475.51822472577095,4,1,dc-cust
399,京都市,大阪市,43.00690582751572,430.0690582751572,4,1,dc-cust
400,大阪市,大阪市,0.0,0.0,3,1,dc-cust
401,神戸市,大阪市,30.811644719769333,308.11644719769333,4,2,dc-cust
402,奈良市,大阪市,28.59898835007487,285.9898835007487,4,2,dc-cust
403,和歌山市,大阪市,60.5311866146468,605.311866146468,4,1,dc-cust
404,鳥取市,大阪市,147.83007456276226,1478.3007456276227,4,1,dc-cust
405,岡山市,大阪市,144.96815018988852,1449.6815018988852,4,2,dc-cust
406,徳島市,大阪市,111.9488057973352,1119.488057973352,4,1,dc-cust
407,高松市,大阪市,140.66413783276036,1406.6413783276037,4,1,dc-cust
408,福井市,神戸市,179.4679749178366,1794.6797491783661,4,1,dc-cust
409,岐阜市,神戸市,160.273607053988,1602.73607053988,4,2,dc-cust
410,名古屋市,神戸市,166.2549499592492,1662.5494995924919,4,2,dc-cust
411,津市,神戸市,121.24002113119552,1212.4002113119552,4,1,dc-cust
412,大津市,神戸市,71.56941566321409,715.6941566321409,4,2,dc-cust
413,京都市,神戸市,63.83768799403182,638.3768799403182,4,2,dc-cust
414,大阪市,神戸市,30.81164471976933,308.1164471976933,4,1,dc-cust
415,神戸市,神戸市,0.0,0.0,3,2,dc-cust
416,奈良市,神戸市,59.408500863116934,594.0850086311693,4,2,dc-cust
417,和歌山市,神戸市,51.75651333040373,517.5651333040373,4,1,dc-cust
418,鳥取市,神戸市,124.67395649443306,1246.7395649443306,4,1,dc-cust
419,岡山市,神戸市,114.17507313982983,1141.7507313982983,4,2,dc-cust
420,徳島市,神戸市,90.07643866584337,900.7643866584338,4,2,dc-cust
421,高松市,神戸市,111.48251081255124,1114.8251081255123,4,1,dc-cust
422,高知市,神戸市,197.36894894439922,1973.6894894439922,4,2,dc-cust
423,福井市,奈良市,157.45297585780764,1574.5297585780763,4,1,dc-cust
424,岐阜市,奈良市,112.76950248853541,1127.695024885354,4,2,dc-cust
425,名古屋市,奈良市,112.30769574143017,1123.0769574143017,4,2,dc-cust
426,津市,奈良市,61.9796652893874,619.796652893874,4,2,dc-cust
427,大津市,奈良市,35.63699855576038,356.3699855576038,4,1,dc-cust
428,京都市,奈良市,38.032200396357304,380.322003963573,4,2,dc-cust
429,大阪市,奈良市,28.59898835007487,285.9898835007487,4,1,dc-cust
430,神戸市,奈良市,59.408500863116934,594.0850086311693,4,1,dc-cust
431,奈良市,奈良市,0.0,0.0,3,1,dc-cust
432,和歌山市,奈良市,79.54581502514368,795.4581502514368,4,1,dc-cust
433,鳥取市,奈良市,171.2369977006013,1712.369977006013,4,1,dc-cust
434,岡山市,奈良市,173.56484619439328,1735.648461943933,4,2,dc-cust
435,徳島市,奈良市,135.64835214920188,1356.4835214920188,4,1,dc-cust
436,高松市,奈良市,168.38335005104602,1683.8335005104602,4,2,dc-cust
437,岐阜市,和歌山市,192.16388528050118,1921.6388528050118,4,1,dc-cust
438,名古屋市,和歌山市,191.132104155708,1911.32104155708,4,2,dc-cust
439,津市,和歌山市,135.10790240649163,1351.0790240649162,4,2,dc-cust
440,大津市,和歌山市,107.71873530491439,1077.187353049144,4,1,dc-cust
441,京都市,和歌山市,103.5150572819465,1035.150572819465,4,1,dc-cust
442,大阪市,和歌山市,60.53118661464718,605.3118661464719,4,1,dc-cust
443,神戸市,和歌山市,51.7565133304035,517.565133304035,4,1,dc-cust
444,奈良市,和歌山市,79.54581502514365,795.4581502514366,4,1,dc-cust
445,和歌山市,和歌山市,0.0,0.0,3,2,dc-cust
446,鳥取市,和歌山市,165.42211234306498,1654.2211234306499,4,1,dc-cust
447,岡山市,和歌山市,122.9595780408263,1229.595780408263,4,2,dc-cust
448,徳島市,和歌山市,58.72697604860604,587.2697604860604,4,1,dc-cust
449,高松市,和歌山市,104.06146022870975,1040.6146022870976,4,1,dc-cust
450,高知市,和歌山市,168.23438156530264,1682.3438156530265,4,2,dc-cust
451,福井市,鳥取市,189.51156007698148,1895.1156007698148,4,2,dc-cust
452,大津市,鳥取市,158.07008495753473,1580.7008495753473,4,1,dc-cust
453,京都市,鳥取市,147.81892694293091,1478.1892694293092,4,2,dc-cust
454,大阪市,鳥取市,147.8300745627622,1478.300745627622,4,2,dc-cust
455,神戸市,鳥取市,124.67395649443301,1246.7395649443301,4,2,dc-cust
456,奈良市,鳥取市,171.23699770060134,1712.3699770060134,4,1,dc-cust
457,和歌山市,鳥取市,165.42211234306484,1654.2211234306483,4,2,dc-cust
458,鳥取市,鳥取市,0.0,0.0,3,1,dc-cust
459,松江市,鳥取市,107.59579490902941,1075.957949090294,4,1,dc-cust
460,岡山市,鳥取市,97.60334434607142,976.0334434607142,4,1,dc-cust
461,徳島市,鳥取市,162.54100261280402,1625.4100261280403,4,2,dc-cust
462,高松市,鳥取市,130.5724968765155,1305.724968765155,4,1,dc-cust
463,鳥取市,松江市,107.59579490902938,1075.9579490902938,4,1,dc-cust
464,松江市,松江市,0.0,0.0,3,2,dc-cust
465,岡山市,松江市,120.83964055059984,1208.3964055059985,4,2,dc-cust
466,広島市,松江市,131.20242846480295,1312.0242846480296,4,2,dc-cust
467,高松市,松江市,155.03986519999324,1550.3986519999326,4,2,dc-cust
468,松山市,松江市,183.16605375305681,1831.660537530568,4,2,dc-cust
469,大津市,岡山市,180.52329001638597,1805.2329001638598,4,2,dc-cust
470,京都市,岡山市,170.8915606219571,1708.915606219571,4,1,dc-cust
471,大阪市,岡山市,144.96815018988852,1449.6815018988852,4,2,dc-cust
472,神戸市,岡山市,114.1750731398298,1141.750731398298,4,1,dc-cust
473,奈良市,岡山市,173.5648461943933,1735.6484619439332,4,2,dc-cust
474,和歌山市,岡山市,122.9595780408264,1229.595780408264,4,2,dc-cust
475,鳥取市,岡山市,97.60334434607111,976.0334434607112,4,1,dc-cust
476,松江市,岡山市,120.83964055060011,1208.396405506001,4,1,dc-cust
477,岡山市,岡山市,0.0,0.0,3,2,dc-cust
478,広島市,岡山市,138.35111182327304,1383.5111182327305,4,1,dc-cust
479,徳島市,岡山市,87.60553943423155,876.0553943423155,4,2,dc-cust
480,高松市,岡山市,37.09015026474749,370.9015026474749,4,1,dc-cust
481,松山市,岡山市,140.90845835596673,1409.0845835596674,4,1,dc-cust
482,高知市,岡山市,128.04879594967645,1280.4879594967645,4,1,dc-cust
483,松江市,広島市,131.20242846480286,1312.0242846480287,4,2,dc-cust
484,岡山市,広島市,138.351111823273,1383.5111182327298,4,2,dc-cust
485,広島市,広島市,0.0,0.0,3,1,dc-cust
486,山口市,広島市,93.74049366695252,937.4049366695251,4,2,dc-cust
487,徳島市,広島市,196.52393195848086,1965.2393195848085,4,1,dc-cust
488,高松市,広島市,145.5069385403372,1455.0693854033718,4,1,dc-cust
489,松山市,広島市,67.83539829741854,678.3539829741853,4,2,dc-cust
490,高知市,広島市,135.71886656556106,1357.1886656556105,4,2,dc-cust
491,大分市,広島市,150.70165152393446,1507.0165152393447,4,1,dc-cust
492,広島市,山口市,93.74049366695007,937.4049366695008,4,2,dc-cust
493,山口市,山口市,2.444996975764147e-12,2.444996975764147e-11,4,1,dc-cust
494,松山市,山口市,125.31917699576996,1253.1917699576998,4,2,dc-cust
495,福岡市,山口市,116.6307849449676,1166.307849449676,4,2,dc-cust
496,佐賀市,山口市,150.33600721186374,1503.3600721186374,4,2,dc-cust
497,熊本市,山口市,169.34758963720503,1693.4758963720503,4,2,dc-cust
498,大分市,山口市,106.19249669413153,1061.9249669413152,4,2,dc-cust
499,津市,徳島市,193.49382552835485,1934.9382552835484,4,1,dc-cust
500,大津市,徳島市,158.95459826384132,1589.545982638413,4,2,dc-cust
501,京都市,徳島市,152.6138952533631,1526.138952533631,4,1,dc-cust
502,大阪市,徳島市,111.9488057973355,1119.488057973355,4,1,dc-cust
503,神戸市,徳島市,90.07643866584327,900.7643866584327,4,2,dc-cust
504,奈良市,徳島市,135.648352149202,1356.48352149202,4,2,dc-cust
505,和歌山市,徳島市,58.726976048606076,587.2697604860607,4,2,dc-cust
506,鳥取市,徳島市,162.54100261280402,1625.4100261280403,4,2,dc-cust
507,岡山市,徳島市,87.60553943423164,876.0553943423165,4,1,dc-cust
508,広島市,徳島市,196.5239319584809,1965.239319584809,4,1,dc-cust
509,徳島市,徳島市,0.0,0.0,3,1,dc-cust
510,高松市,徳島市,56.42772256655386,564.2772256655386,4,2,dc-cust
511,松山市,徳島市,167.27306105711529,1672.7306105711527,4,1,dc-cust
512,高知市,徳島市,110.4210991967219,1104.210991967219,4,1,dc-cust
513,大津市,高松市,182.4998246755167,1824.998246755167,4,2,dc-cust
514,京都市,高松市,173.9178706457721,1739.178706457721,4,2,dc-cust
515,大阪市,高松市,140.66413783276028,1406.6413783276028,4,2,dc-cust
516,神戸市,高松市,111.48251081255131,1114.825108125513,4,1,dc-cust
517,奈良市,高松市,168.38335005104602,1683.8335005104602,4,1,dc-cust
518,和歌山市,高松市,104.06146022870975,1040.6146022870976,4,1,dc-cust
519,鳥取市,高松市,130.57249687651588,1305.7249687651588,4,1,dc-cust
520,松江市,高松市,155.03986519999333,1550.3986519999332,4,2,dc-cust
521,岡山市,高松市,37.09015026474756,370.9015026474756,4,1,dc-cust
522,広島市,高松市,145.5069385403372,1455.0693854033718,4,2,dc-cust
523,徳島市,高松市,56.42772256655391,564.2772256655392,4,1,dc-cust
524,高松市,高松市,0.0,0.0,3,2,dc-cust
525,松山市,高松市,130.02548182740532,1300.2548182740532,4,2,dc-cust
526,高知市,高松市,98.82024561275713,988.2024561275714,4,2,dc-cust
527,松江市,松山市,183.16605375305716,1831.6605375305717,4,2,dc-cust
528,岡山市,松山市,140.90845835596684,1409.0845835596683,4,2,dc-cust
529,広島市,松山市,67.83539829741856,678.3539829741857,4,2,dc-cust
530,山口市,松山市,125.31917699577203,1253.1917699577202,4,2,dc-cust
531,徳島市,松山市,167.27306105711529,1672.7306105711527,4,2,dc-cust
532,高松市,松山市,130.02548182740534,1300.2548182740534,4,1,dc-cust
533,松山市,松山市,0.0,0.0,3,2,dc-cust
534,高知市,松山市,77.40229022067427,774.0229022067427,4,2,dc-cust
535,大分市,松山市,126.23785063329149,1262.3785063329149,4,2,dc-cust
536,神戸市,高知市,197.36894894439905,1973.6894894439906,4,2,dc-cust
537,和歌山市,高知市,168.2343815653027,1682.343815653027,4,2,dc-cust
538,岡山市,高知市,128.04879594967636,1280.4879594967636,4,1,dc-cust
539,広島市,高知市,135.71886656556103,1357.1886656556103,4,2,dc-cust
540,徳島市,高知市,110.42109919672214,1104.2109919672214,4,2,dc-cust
541,高松市,高知市,98.8202456127566,988.2024561275659,4,2,dc-cust
542,松山市,高知市,77.40229022067432,774.0229022067432,4,1,dc-cust
543,高知市,高知市,0.0,0.0,3,1,dc-cust
544,大分市,高知市,181.6615099685323,1816.615099685323,4,2,dc-cust
545,山口市,福岡市,116.63078494496538,1166.3078494496538,4,1,dc-cust
546,福岡市,福岡市,0.0,0.0,3,2,dc-cust
547,佐賀市,福岡市,41.20297659632152,412.0297659632152,4,1,dc-cust
548,長崎市,福岡市,108.38705925641369,1083.870592564137,4,2,dc-cust
549,熊本市,福岡市,95.67139515815842,956.7139515815842,4,1,dc-cust
550,大分市,福岡市,118.17577725614291,1181.7577725614292,4,1,dc-cust
551,山口市,佐賀市,150.33600721186187,1503.3600721186187,4,2,dc-cust
552,福岡市,佐賀市,41.20297659632143,412.0297659632143,4,1,dc-cust
553,佐賀市,佐賀市,0.0,0.0,3,1,dc-cust
554,長崎市,佐賀市,68.7219822616795,687.219822616795,4,2,dc-cust
555,熊本市,佐賀市,65.7065708553425,657.0657085534251,4,2,dc-cust
556,大分市,佐賀市,122.16827261669422,1221.6827261669423,4,1,dc-cust
557,宮崎市,佐賀市,182.3623234210585,1823.623234210585,4,1,dc-cust
558,鹿児島市,佐賀市,189.39538480663663,1893.9538480663664,4,2,dc-cust
559,福岡市,長崎市,108.38705925641356,1083.8705925641357,4,2,dc-cust
560,佐賀市,長崎市,68.72198226167977,687.2198226167977,4,2,dc-cust
561,長崎市,長崎市,0.0,0.0,3,2,dc-cust
562,熊本市,長崎市,81.31861879661265,813.1861879661266,4,1,dc-cust
563,大分市,長崎市,171.2015453014523,1712.0154530145232,4,2,dc-cust
564,宮崎市,長崎市,172.65268889542918,1726.5268889542917,4,1,dc-cust
565,鹿児島市,長崎市,146.62018866497047,1466.2018866497046,4,1,dc-cust
566,山口市,熊本市,169.34758963720313,1693.4758963720312,4,2,dc-cust
567,福岡市,熊本市,95.67139515815822,956.7139515815823,4,1,dc-cust
568,佐賀市,熊本市,65.7065708553425,657.0657085534251,4,1,dc-cust
569,長崎市,熊本市,81.31861879661268,813.1861879661268,4,2,dc-cust
570,熊本市,熊本市,0.0,0.0,3,1,dc-cust
571,大分市,熊本市,95.2798059742775,952.798059742775,4,1,dc-cust
572,宮崎市,熊本市,116.83954905412253,1168.3954905412252,4,2,dc-cust
573,鹿児島市,熊本市,137.79550478513008,1377.9550478513008,4,1,dc-cust
574,広島市,大分市,150.70165152393415,1507.0165152393415,4,1,dc-cust
575,山口市,大分市,106.192496694131,1061.92496694131,4,2,dc-cust
576,松山市,大分市,126.2378506332915,1262.378506332915,4,1,dc-cust
577,高知市,大分市,181.66150996853236,1816.6150996853235,4,2,dc-cust
578,福岡市,大分市,118.1757772561429,1181.757772561429,4,1,dc-cust
579,佐賀市,大分市,122.16827261669421,1221.682726166942,4,2,dc-cust
580,長崎市,大分市,171.20154530145223,1712.0154530145223,4,2,dc-cust
581,熊本市,大分市,95.27980597427725,952.7980597427725,4,2,dc-cust
582,大分市,大分市,0.0,0.0,3,2,dc-cust
583,宮崎市,大分市,148.604885242421,1486.04885242421,4,1,dc-cust
584,佐賀市,宮崎市,182.36232342105862,1823.6232342105861,4,1,dc-cust
585,長崎市,宮崎市,172.65268889542918,1726.5268889542917,4,1,dc-cust
586,熊本市,宮崎市,116.83954905412257,1168.3954905412256,4,2,dc-cust
587,大分市,宮崎市,148.60488524242098,1486.0488524242098,4,2,dc-cust
588,宮崎市,宮崎市,0.0,0.0,3,1,dc-cust
589,鹿児島市,宮崎市,90.6988077293935,906.9880772939349,4,2,dc-cust
590,佐賀市,鹿児島市,189.39538480663649,1893.9538480663648,4,2,dc-cust
591,長崎市,鹿児島市,146.62018866497053,1466.2018866497053,4,1,dc-cust
592,熊本市,鹿児島市,137.7955047851301,1377.955047851301,4,1,dc-cust
593,宮崎市,鹿児島市,90.6988077293933,906.988077293933,4,2,dc-cust
594,鹿児島市,鹿児島市,0.0,0.0,3,1,dc-cust
595,那覇市,那覇市,0.0,0.0,3,1,dc-cust
